celda;LL lat;LL lon;LR lat;LR lon;UL lat;UL lon;UR lat;UR lon
1;41,644540;-87,940110;41,644540;-87,919311;41,663465;-87,940110;41,663465;-87,919311
2;41,644540;-87,919311;41,644540;-87,898512;41,663465;-87,919311;41,663465;-87,898512
3;41,644540;-87,898512;41,644540;-87,877713;41,663465;-87,898512;41,663465;-87,877713
4;41,644540;-87,877713;41,644540;-87,856914;41,663465;-87,877713;41,663465;-87,856914
5;41,644540;-87,856914;41,644540;-87,836115;41,663465;-87,856914;41,663465;-87,836115
6;41,644540;-87,836115;41,644540;-87,815316;41,663465;-87,836115;41,663465;-87,815316
7;41,644540;-87,815316;41,644540;-87,794517;41,663465;-87,815316;41,663465;-87,794517
8;41,644540;-87,794517;41,644540;-87,773718;41,663465;-87,794517;41,663465;-87,773718
9;41,644540;-87,773718;41,644540;-87,752919;41,663465;-87,773718;41,663465;-87,752919
10;41,644540;-87,752919;41,644540;-87,732120;41,663465;-87,752919;41,663465;-87,732120
11;41,644540;-87,732120;41,644540;-87,711321;41,663465;-87,732120;41,663465;-87,711321
12;41,644540;-87,711321;41,644540;-87,690522;41,663465;-87,711321;41,663465;-87,690522
13;41,644540;-87,690522;41,644540;-87,669723;41,663465;-87,690522;41,663465;-87,669723
14;41,644540;-87,669723;41,644540;-87,648924;41,663465;-87,669723;41,663465;-87,648924
15;41,644540;-87,648924;41,644540;-87,628125;41,663465;-87,648924;41,663465;-87,628125
16;41,644540;-87,628125;41,644540;-87,607326;41,663465;-87,628125;41,663465;-87,607326
17;41,644540;-87,607326;41,644540;-87,586527;41,663465;-87,607326;41,663465;-87,586527
18;41,644540;-87,586527;41,644540;-87,565728;41,663465;-87,586527;41,663465;-87,565728
19;41,644540;-87,565728;41,644540;-87,544929;41,663465;-87,565728;41,663465;-87,544929
20;41,644540;-87,544929;41,644540;-87,524130;41,663465;-87,544929;41,663465;-87,524130
21;41,663465;-87,940110;41,663465;-87,919311;41,682389;-87,940110;41,682389;-87,919311
22;41,663465;-87,919311;41,663465;-87,898512;41,682389;-87,919311;41,682389;-87,898512
23;41,663465;-87,898512;41,663465;-87,877713;41,682389;-87,898512;41,682389;-87,877713
24;41,663465;-87,877713;41,663465;-87,856914;41,682389;-87,877713;41,682389;-87,856914
25;41,663465;-87,856914;41,663465;-87,836115;41,682389;-87,856914;41,682389;-87,836115
26;41,663465;-87,836115;41,663465;-87,815316;41,682389;-87,836115;41,682389;-87,815316
27;41,663465;-87,815316;41,663465;-87,794517;41,682389;-87,815316;41,682389;-87,794517
28;41,663465;-87,794517;41,663465;-87,773718;41,682389;-87,794517;41,682389;-87,773718
29;41,663465;-87,773718;41,663465;-87,752919;41,682389;-87,773718;41,682389;-87,752919
30;41,663465;-87,752919;41,663465;-87,732120;41,682389;-87,752919;41,682389;-87,732120
31;41,663465;-87,732120;41,663465;-87,711321;41,682389;-87,732120;41,682389;-87,711321
32;41,663465;-87,711321;41,663465;-87,690522;41,682389;-87,711321;41,682389;-87,690522
33;41,663465;-87,690522;41,663465;-87,669723;41,682389;-87,690522;41,682389;-87,669723
34;41,663465;-87,669723;41,663465;-87,648924;41,682389;-87,669723;41,682389;-87,648924
35;41,663465;-87,648924;41,663465;-87,628125;41,682389;-87,648924;41,682389;-87,628125
36;41,663465;-87,628125;41,663465;-87,607326;41,682389;-87,628125;41,682389;-87,607326
37;41,663465;-87,607326;41,663465;-87,586527;41,682389;-87,607326;41,682389;-87,586527
38;41,663465;-87,586527;41,663465;-87,565728;41,682389;-87,586527;41,682389;-87,565728
39;41,663465;-87,565728;41,663465;-87,544929;41,682389;-87,565728;41,682389;-87,544929
40;41,663465;-87,544929;41,663465;-87,524130;41,682389;-87,544929;41,682389;-87,524130
41;41,682389;-87,940110;41,682389;-87,919311;41,701314;-87,940110;41,701314;-87,919311
42;41,682389;-87,919311;41,682389;-87,898512;41,701314;-87,919311;41,701314;-87,898512
43;41,682389;-87,898512;41,682389;-87,877713;41,701314;-87,898512;41,701314;-87,877713
44;41,682389;-87,877713;41,682389;-87,856914;41,701314;-87,877713;41,701314;-87,856914
45;41,682389;-87,856914;41,682389;-87,836115;41,701314;-87,856914;41,701314;-87,836115
46;41,682389;-87,836115;41,682389;-87,815316;41,701314;-87,836115;41,701314;-87,815316
47;41,682389;-87,815316;41,682389;-87,794517;41,701314;-87,815316;41,701314;-87,794517
48;41,682389;-87,794517;41,682389;-87,773718;41,701314;-87,794517;41,701314;-87,773718
49;41,682389;-87,773718;41,682389;-87,752919;41,701314;-87,773718;41,701314;-87,752919
50;41,682389;-87,752919;41,682389;-87,732120;41,701314;-87,752919;41,701314;-87,732120
51;41,682389;-87,732120;41,682389;-87,711321;41,701314;-87,732120;41,701314;-87,711321
52;41,682389;-87,711321;41,682389;-87,690522;41,701314;-87,711321;41,701314;-87,690522
53;41,682389;-87,690522;41,682389;-87,669723;41,701314;-87,690522;41,701314;-87,669723
54;41,682389;-87,669723;41,682389;-87,648924;41,701314;-87,669723;41,701314;-87,648924
55;41,682389;-87,648924;41,682389;-87,628125;41,701314;-87,648924;41,701314;-87,628125
56;41,682389;-87,628125;41,682389;-87,607326;41,701314;-87,628125;41,701314;-87,607326
57;41,682389;-87,607326;41,682389;-87,586527;41,701314;-87,607326;41,701314;-87,586527
58;41,682389;-87,586527;41,682389;-87,565728;41,701314;-87,586527;41,701314;-87,565728
59;41,682389;-87,565728;41,682389;-87,544929;41,701314;-87,565728;41,701314;-87,544929
60;41,682389;-87,544929;41,682389;-87,524130;41,701314;-87,544929;41,701314;-87,524130
61;41,701314;-87,940110;41,701314;-87,919311;41,720238;-87,940110;41,720238;-87,919311
62;41,701314;-87,919311;41,701314;-87,898512;41,720238;-87,919311;41,720238;-87,898512
63;41,701314;-87,898512;41,701314;-87,877713;41,720238;-87,898512;41,720238;-87,877713
64;41,701314;-87,877713;41,701314;-87,856914;41,720238;-87,877713;41,720238;-87,856914
65;41,701314;-87,856914;41,701314;-87,836115;41,720238;-87,856914;41,720238;-87,836115
66;41,701314;-87,836115;41,701314;-87,815316;41,720238;-87,836115;41,720238;-87,815316
67;41,701314;-87,815316;41,701314;-87,794517;41,720238;-87,815316;41,720238;-87,794517
68;41,701314;-87,794517;41,701314;-87,773718;41,720238;-87,794517;41,720238;-87,773718
69;41,701314;-87,773718;41,701314;-87,752919;41,720238;-87,773718;41,720238;-87,752919
70;41,701314;-87,752919;41,701314;-87,732120;41,720238;-87,752919;41,720238;-87,732120
71;41,701314;-87,732120;41,701314;-87,711321;41,720238;-87,732120;41,720238;-87,711321
72;41,701314;-87,711321;41,701314;-87,690522;41,720238;-87,711321;41,720238;-87,690522
73;41,701314;-87,690522;41,701314;-87,669723;41,720238;-87,690522;41,720238;-87,669723
74;41,701314;-87,669723;41,701314;-87,648924;41,720238;-87,669723;41,720238;-87,648924
75;41,701314;-87,648924;41,701314;-87,628125;41,720238;-87,648924;41,720238;-87,628125
76;41,701314;-87,628125;41,701314;-87,607326;41,720238;-87,628125;41,720238;-87,607326
77;41,701314;-87,607326;41,701314;-87,586527;41,720238;-87,607326;41,720238;-87,586527
78;41,701314;-87,586527;41,701314;-87,565728;41,720238;-87,586527;41,720238;-87,565728
79;41,701314;-87,565728;41,701314;-87,544929;41,720238;-87,565728;41,720238;-87,544929
80;41,701314;-87,544929;41,701314;-87,524130;41,720238;-87,544929;41,720238;-87,524130
81;41,720238;-87,940110;41,720238;-87,919311;41,739163;-87,940110;41,739163;-87,919311
82;41,720238;-87,919311;41,720238;-87,898512;41,739163;-87,919311;41,739163;-87,898512
83;41,720238;-87,898512;41,720238;-87,877713;41,739163;-87,898512;41,739163;-87,877713
84;41,720238;-87,877713;41,720238;-87,856914;41,739163;-87,877713;41,739163;-87,856914
85;41,720238;-87,856914;41,720238;-87,836115;41,739163;-87,856914;41,739163;-87,836115
86;41,720238;-87,836115;41,720238;-87,815316;41,739163;-87,836115;41,739163;-87,815316
87;41,720238;-87,815316;41,720238;-87,794517;41,739163;-87,815316;41,739163;-87,794517
88;41,720238;-87,794517;41,720238;-87,773718;41,739163;-87,794517;41,739163;-87,773718
89;41,720238;-87,773718;41,720238;-87,752919;41,739163;-87,773718;41,739163;-87,752919
90;41,720238;-87,752919;41,720238;-87,732120;41,739163;-87,752919;41,739163;-87,732120
91;41,720238;-87,732120;41,720238;-87,711321;41,739163;-87,732120;41,739163;-87,711321
92;41,720238;-87,711321;41,720238;-87,690522;41,739163;-87,711321;41,739163;-87,690522
93;41,720238;-87,690522;41,720238;-87,669723;41,739163;-87,690522;41,739163;-87,669723
94;41,720238;-87,669723;41,720238;-87,648924;41,739163;-87,669723;41,739163;-87,648924
95;41,720238;-87,648924;41,720238;-87,628125;41,739163;-87,648924;41,739163;-87,628125
96;41,720238;-87,628125;41,720238;-87,607326;41,739163;-87,628125;41,739163;-87,607326
97;41,720238;-87,607326;41,720238;-87,586527;41,739163;-87,607326;41,739163;-87,586527
98;41,720238;-87,586527;41,720238;-87,565728;41,739163;-87,586527;41,739163;-87,565728
99;41,720238;-87,565728;41,720238;-87,544929;41,739163;-87,565728;41,739163;-87,544929
100;41,720238;-87,544929;41,720238;-87,524130;41,739163;-87,544929;41,739163;-87,524130
101;41,739163;-87,940110;41,739163;-87,919311;41,758087;-87,940110;41,758087;-87,919311
102;41,739163;-87,919311;41,739163;-87,898512;41,758087;-87,919311;41,758087;-87,898512
103;41,739163;-87,898512;41,739163;-87,877713;41,758087;-87,898512;41,758087;-87,877713
104;41,739163;-87,877713;41,739163;-87,856914;41,758087;-87,877713;41,758087;-87,856914
105;41,739163;-87,856914;41,739163;-87,836115;41,758087;-87,856914;41,758087;-87,836115
106;41,739163;-87,836115;41,739163;-87,815316;41,758087;-87,836115;41,758087;-87,815316
107;41,739163;-87,815316;41,739163;-87,794517;41,758087;-87,815316;41,758087;-87,794517
108;41,739163;-87,794517;41,739163;-87,773718;41,758087;-87,794517;41,758087;-87,773718
109;41,739163;-87,773718;41,739163;-87,752919;41,758087;-87,773718;41,758087;-87,752919
110;41,739163;-87,752919;41,739163;-87,732120;41,758087;-87,752919;41,758087;-87,732120
111;41,739163;-87,732120;41,739163;-87,711321;41,758087;-87,732120;41,758087;-87,711321
112;41,739163;-87,711321;41,739163;-87,690522;41,758087;-87,711321;41,758087;-87,690522
113;41,739163;-87,690522;41,739163;-87,669723;41,758087;-87,690522;41,758087;-87,669723
114;41,739163;-87,669723;41,739163;-87,648924;41,758087;-87,669723;41,758087;-87,648924
115;41,739163;-87,648924;41,739163;-87,628125;41,758087;-87,648924;41,758087;-87,628125
116;41,739163;-87,628125;41,739163;-87,607326;41,758087;-87,628125;41,758087;-87,607326
117;41,739163;-87,607326;41,739163;-87,586527;41,758087;-87,607326;41,758087;-87,586527
118;41,739163;-87,586527;41,739163;-87,565728;41,758087;-87,586527;41,758087;-87,565728
119;41,739163;-87,565728;41,739163;-87,544929;41,758087;-87,565728;41,758087;-87,544929
120;41,739163;-87,544929;41,739163;-87,524130;41,758087;-87,544929;41,758087;-87,524130
121;41,758087;-87,940110;41,758087;-87,919311;41,777012;-87,940110;41,777012;-87,919311
122;41,758087;-87,919311;41,758087;-87,898512;41,777012;-87,919311;41,777012;-87,898512
123;41,758087;-87,898512;41,758087;-87,877713;41,777012;-87,898512;41,777012;-87,877713
124;41,758087;-87,877713;41,758087;-87,856914;41,777012;-87,877713;41,777012;-87,856914
125;41,758087;-87,856914;41,758087;-87,836115;41,777012;-87,856914;41,777012;-87,836115
126;41,758087;-87,836115;41,758087;-87,815316;41,777012;-87,836115;41,777012;-87,815316
127;41,758087;-87,815316;41,758087;-87,794517;41,777012;-87,815316;41,777012;-87,794517
128;41,758087;-87,794517;41,758087;-87,773718;41,777012;-87,794517;41,777012;-87,773718
129;41,758087;-87,773718;41,758087;-87,752919;41,777012;-87,773718;41,777012;-87,752919
130;41,758087;-87,752919;41,758087;-87,732120;41,777012;-87,752919;41,777012;-87,732120
131;41,758087;-87,732120;41,758087;-87,711321;41,777012;-87,732120;41,777012;-87,711321
132;41,758087;-87,711321;41,758087;-87,690522;41,777012;-87,711321;41,777012;-87,690522
133;41,758087;-87,690522;41,758087;-87,669723;41,777012;-87,690522;41,777012;-87,669723
134;41,758087;-87,669723;41,758087;-87,648924;41,777012;-87,669723;41,777012;-87,648924
135;41,758087;-87,648924;41,758087;-87,628125;41,777012;-87,648924;41,777012;-87,628125
136;41,758087;-87,628125;41,758087;-87,607326;41,777012;-87,628125;41,777012;-87,607326
137;41,758087;-87,607326;41,758087;-87,586527;41,777012;-87,607326;41,777012;-87,586527
138;41,758087;-87,586527;41,758087;-87,565728;41,777012;-87,586527;41,777012;-87,565728
139;41,758087;-87,565728;41,758087;-87,544929;41,777012;-87,565728;41,777012;-87,544929
140;41,758087;-87,544929;41,758087;-87,524130;41,777012;-87,544929;41,777012;-87,524130
141;41,777012;-87,940110;41,777012;-87,919311;41,795936;-87,940110;41,795936;-87,919311
142;41,777012;-87,919311;41,777012;-87,898512;41,795936;-87,919311;41,795936;-87,898512
143;41,777012;-87,898512;41,777012;-87,877713;41,795936;-87,898512;41,795936;-87,877713
144;41,777012;-87,877713;41,777012;-87,856914;41,795936;-87,877713;41,795936;-87,856914
145;41,777012;-87,856914;41,777012;-87,836115;41,795936;-87,856914;41,795936;-87,836115
146;41,777012;-87,836115;41,777012;-87,815316;41,795936;-87,836115;41,795936;-87,815316
147;41,777012;-87,815316;41,777012;-87,794517;41,795936;-87,815316;41,795936;-87,794517
148;41,777012;-87,794517;41,777012;-87,773718;41,795936;-87,794517;41,795936;-87,773718
149;41,777012;-87,773718;41,777012;-87,752919;41,795936;-87,773718;41,795936;-87,752919
150;41,777012;-87,752919;41,777012;-87,732120;41,795936;-87,752919;41,795936;-87,732120
151;41,777012;-87,732120;41,777012;-87,711321;41,795936;-87,732120;41,795936;-87,711321
152;41,777012;-87,711321;41,777012;-87,690522;41,795936;-87,711321;41,795936;-87,690522
153;41,777012;-87,690522;41,777012;-87,669723;41,795936;-87,690522;41,795936;-87,669723
154;41,777012;-87,669723;41,777012;-87,648924;41,795936;-87,669723;41,795936;-87,648924
155;41,777012;-87,648924;41,777012;-87,628125;41,795936;-87,648924;41,795936;-87,628125
156;41,777012;-87,628125;41,777012;-87,607326;41,795936;-87,628125;41,795936;-87,607326
157;41,777012;-87,607326;41,777012;-87,586527;41,795936;-87,607326;41,795936;-87,586527
158;41,777012;-87,586527;41,777012;-87,565728;41,795936;-87,586527;41,795936;-87,565728
159;41,777012;-87,565728;41,777012;-87,544929;41,795936;-87,565728;41,795936;-87,544929
160;41,777012;-87,544929;41,777012;-87,524130;41,795936;-87,544929;41,795936;-87,524130
161;41,795936;-87,940110;41,795936;-87,919311;41,814861;-87,940110;41,814861;-87,919311
162;41,795936;-87,919311;41,795936;-87,898512;41,814861;-87,919311;41,814861;-87,898512
163;41,795936;-87,898512;41,795936;-87,877713;41,814861;-87,898512;41,814861;-87,877713
164;41,795936;-87,877713;41,795936;-87,856914;41,814861;-87,877713;41,814861;-87,856914
165;41,795936;-87,856914;41,795936;-87,836115;41,814861;-87,856914;41,814861;-87,836115
166;41,795936;-87,836115;41,795936;-87,815316;41,814861;-87,836115;41,814861;-87,815316
167;41,795936;-87,815316;41,795936;-87,794517;41,814861;-87,815316;41,814861;-87,794517
168;41,795936;-87,794517;41,795936;-87,773718;41,814861;-87,794517;41,814861;-87,773718
169;41,795936;-87,773718;41,795936;-87,752919;41,814861;-87,773718;41,814861;-87,752919
170;41,795936;-87,752919;41,795936;-87,732120;41,814861;-87,752919;41,814861;-87,732120
171;41,795936;-87,732120;41,795936;-87,711321;41,814861;-87,732120;41,814861;-87,711321
172;41,795936;-87,711321;41,795936;-87,690522;41,814861;-87,711321;41,814861;-87,690522
173;41,795936;-87,690522;41,795936;-87,669723;41,814861;-87,690522;41,814861;-87,669723
174;41,795936;-87,669723;41,795936;-87,648924;41,814861;-87,669723;41,814861;-87,648924
175;41,795936;-87,648924;41,795936;-87,628125;41,814861;-87,648924;41,814861;-87,628125
176;41,795936;-87,628125;41,795936;-87,607326;41,814861;-87,628125;41,814861;-87,607326
177;41,795936;-87,607326;41,795936;-87,586527;41,814861;-87,607326;41,814861;-87,586527
178;41,795936;-87,586527;41,795936;-87,565728;41,814861;-87,586527;41,814861;-87,565728
179;41,795936;-87,565728;41,795936;-87,544929;41,814861;-87,565728;41,814861;-87,544929
180;41,795936;-87,544929;41,795936;-87,524130;41,814861;-87,544929;41,814861;-87,524130
181;41,814861;-87,940110;41,814861;-87,919311;41,833785;-87,940110;41,833785;-87,919311
182;41,814861;-87,919311;41,814861;-87,898512;41,833785;-87,919311;41,833785;-87,898512
183;41,814861;-87,898512;41,814861;-87,877713;41,833785;-87,898512;41,833785;-87,877713
184;41,814861;-87,877713;41,814861;-87,856914;41,833785;-87,877713;41,833785;-87,856914
185;41,814861;-87,856914;41,814861;-87,836115;41,833785;-87,856914;41,833785;-87,836115
186;41,814861;-87,836115;41,814861;-87,815316;41,833785;-87,836115;41,833785;-87,815316
187;41,814861;-87,815316;41,814861;-87,794517;41,833785;-87,815316;41,833785;-87,794517
188;41,814861;-87,794517;41,814861;-87,773718;41,833785;-87,794517;41,833785;-87,773718
189;41,814861;-87,773718;41,814861;-87,752919;41,833785;-87,773718;41,833785;-87,752919
190;41,814861;-87,752919;41,814861;-87,732120;41,833785;-87,752919;41,833785;-87,732120
191;41,814861;-87,732120;41,814861;-87,711321;41,833785;-87,732120;41,833785;-87,711321
192;41,814861;-87,711321;41,814861;-87,690522;41,833785;-87,711321;41,833785;-87,690522
193;41,814861;-87,690522;41,814861;-87,669723;41,833785;-87,690522;41,833785;-87,669723
194;41,814861;-87,669723;41,814861;-87,648924;41,833785;-87,669723;41,833785;-87,648924
195;41,814861;-87,648924;41,814861;-87,628125;41,833785;-87,648924;41,833785;-87,628125
196;41,814861;-87,628125;41,814861;-87,607326;41,833785;-87,628125;41,833785;-87,607326
197;41,814861;-87,607326;41,814861;-87,586527;41,833785;-87,607326;41,833785;-87,586527
198;41,814861;-87,586527;41,814861;-87,565728;41,833785;-87,586527;41,833785;-87,565728
199;41,814861;-87,565728;41,814861;-87,544929;41,833785;-87,565728;41,833785;-87,544929
200;41,814861;-87,544929;41,814861;-87,524130;41,833785;-87,544929;41,833785;-87,524130
201;41,833785;-87,940110;41,833785;-87,919311;41,852710;-87,940110;41,852710;-87,919311
202;41,833785;-87,919311;41,833785;-87,898512;41,852710;-87,919311;41,852710;-87,898512
203;41,833785;-87,898512;41,833785;-87,877713;41,852710;-87,898512;41,852710;-87,877713
204;41,833785;-87,877713;41,833785;-87,856914;41,852710;-87,877713;41,852710;-87,856914
205;41,833785;-87,856914;41,833785;-87,836115;41,852710;-87,856914;41,852710;-87,836115
206;41,833785;-87,836115;41,833785;-87,815316;41,852710;-87,836115;41,852710;-87,815316
207;41,833785;-87,815316;41,833785;-87,794517;41,852710;-87,815316;41,852710;-87,794517
208;41,833785;-87,794517;41,833785;-87,773718;41,852710;-87,794517;41,852710;-87,773718
209;41,833785;-87,773718;41,833785;-87,752919;41,852710;-87,773718;41,852710;-87,752919
210;41,833785;-87,752919;41,833785;-87,732120;41,852710;-87,752919;41,852710;-87,732120
211;41,833785;-87,732120;41,833785;-87,711321;41,852710;-87,732120;41,852710;-87,711321
212;41,833785;-87,711321;41,833785;-87,690522;41,852710;-87,711321;41,852710;-87,690522
213;41,833785;-87,690522;41,833785;-87,669723;41,852710;-87,690522;41,852710;-87,669723
214;41,833785;-87,669723;41,833785;-87,648924;41,852710;-87,669723;41,852710;-87,648924
215;41,833785;-87,648924;41,833785;-87,628125;41,852710;-87,648924;41,852710;-87,628125
216;41,833785;-87,628125;41,833785;-87,607326;41,852710;-87,628125;41,852710;-87,607326
217;41,833785;-87,607326;41,833785;-87,586527;41,852710;-87,607326;41,852710;-87,586527
218;41,833785;-87,586527;41,833785;-87,565728;41,852710;-87,586527;41,852710;-87,565728
219;41,833785;-87,565728;41,833785;-87,544929;41,852710;-87,565728;41,852710;-87,544929
220;41,833785;-87,544929;41,833785;-87,524130;41,852710;-87,544929;41,852710;-87,524130
221;41,852710;-87,940110;41,852710;-87,919311;41,871634;-87,940110;41,871634;-87,919311
222;41,852710;-87,919311;41,852710;-87,898512;41,871634;-87,919311;41,871634;-87,898512
223;41,852710;-87,898512;41,852710;-87,877713;41,871634;-87,898512;41,871634;-87,877713
224;41,852710;-87,877713;41,852710;-87,856914;41,871634;-87,877713;41,871634;-87,856914
225;41,852710;-87,856914;41,852710;-87,836115;41,871634;-87,856914;41,871634;-87,836115
226;41,852710;-87,836115;41,852710;-87,815316;41,871634;-87,836115;41,871634;-87,815316
227;41,852710;-87,815316;41,852710;-87,794517;41,871634;-87,815316;41,871634;-87,794517
228;41,852710;-87,794517;41,852710;-87,773718;41,871634;-87,794517;41,871634;-87,773718
229;41,852710;-87,773718;41,852710;-87,752919;41,871634;-87,773718;41,871634;-87,752919
230;41,852710;-87,752919;41,852710;-87,732120;41,871634;-87,752919;41,871634;-87,732120
231;41,852710;-87,732120;41,852710;-87,711321;41,871634;-87,732120;41,871634;-87,711321
232;41,852710;-87,711321;41,852710;-87,690522;41,871634;-87,711321;41,871634;-87,690522
233;41,852710;-87,690522;41,852710;-87,669723;41,871634;-87,690522;41,871634;-87,669723
234;41,852710;-87,669723;41,852710;-87,648924;41,871634;-87,669723;41,871634;-87,648924
235;41,852710;-87,648924;41,852710;-87,628125;41,871634;-87,648924;41,871634;-87,628125
236;41,852710;-87,628125;41,852710;-87,607326;41,871634;-87,628125;41,871634;-87,607326
237;41,852710;-87,607326;41,852710;-87,586527;41,871634;-87,607326;41,871634;-87,586527
238;41,852710;-87,586527;41,852710;-87,565728;41,871634;-87,586527;41,871634;-87,565728
239;41,852710;-87,565728;41,852710;-87,544929;41,871634;-87,565728;41,871634;-87,544929
240;41,852710;-87,544929;41,852710;-87,524130;41,871634;-87,544929;41,871634;-87,524130
241;41,871634;-87,940110;41,871634;-87,919311;41,890559;-87,940110;41,890559;-87,919311
242;41,871634;-87,919311;41,871634;-87,898512;41,890559;-87,919311;41,890559;-87,898512
243;41,871634;-87,898512;41,871634;-87,877713;41,890559;-87,898512;41,890559;-87,877713
244;41,871634;-87,877713;41,871634;-87,856914;41,890559;-87,877713;41,890559;-87,856914
245;41,871634;-87,856914;41,871634;-87,836115;41,890559;-87,856914;41,890559;-87,836115
246;41,871634;-87,836115;41,871634;-87,815316;41,890559;-87,836115;41,890559;-87,815316
247;41,871634;-87,815316;41,871634;-87,794517;41,890559;-87,815316;41,890559;-87,794517
248;41,871634;-87,794517;41,871634;-87,773718;41,890559;-87,794517;41,890559;-87,773718
249;41,871634;-87,773718;41,871634;-87,752919;41,890559;-87,773718;41,890559;-87,752919
250;41,871634;-87,752919;41,871634;-87,732120;41,890559;-87,752919;41,890559;-87,732120
251;41,871634;-87,732120;41,871634;-87,711321;41,890559;-87,732120;41,890559;-87,711321
252;41,871634;-87,711321;41,871634;-87,690522;41,890559;-87,711321;41,890559;-87,690522
253;41,871634;-87,690522;41,871634;-87,669723;41,890559;-87,690522;41,890559;-87,669723
254;41,871634;-87,669723;41,871634;-87,648924;41,890559;-87,669723;41,890559;-87,648924
255;41,871634;-87,648924;41,871634;-87,628125;41,890559;-87,648924;41,890559;-87,628125
256;41,871634;-87,628125;41,871634;-87,607326;41,890559;-87,628125;41,890559;-87,607326
257;41,871634;-87,607326;41,871634;-87,586527;41,890559;-87,607326;41,890559;-87,586527
258;41,871634;-87,586527;41,871634;-87,565728;41,890559;-87,586527;41,890559;-87,565728
259;41,871634;-87,565728;41,871634;-87,544929;41,890559;-87,565728;41,890559;-87,544929
260;41,871634;-87,544929;41,871634;-87,524130;41,890559;-87,544929;41,890559;-87,524130
261;41,890559;-87,940110;41,890559;-87,919311;41,909483;-87,940110;41,909483;-87,919311
262;41,890559;-87,919311;41,890559;-87,898512;41,909483;-87,919311;41,909483;-87,898512
263;41,890559;-87,898512;41,890559;-87,877713;41,909483;-87,898512;41,909483;-87,877713
264;41,890559;-87,877713;41,890559;-87,856914;41,909483;-87,877713;41,909483;-87,856914
265;41,890559;-87,856914;41,890559;-87,836115;41,909483;-87,856914;41,909483;-87,836115
266;41,890559;-87,836115;41,890559;-87,815316;41,909483;-87,836115;41,909483;-87,815316
267;41,890559;-87,815316;41,890559;-87,794517;41,909483;-87,815316;41,909483;-87,794517
268;41,890559;-87,794517;41,890559;-87,773718;41,909483;-87,794517;41,909483;-87,773718
269;41,890559;-87,773718;41,890559;-87,752919;41,909483;-87,773718;41,909483;-87,752919
270;41,890559;-87,752919;41,890559;-87,732120;41,909483;-87,752919;41,909483;-87,732120
271;41,890559;-87,732120;41,890559;-87,711321;41,909483;-87,732120;41,909483;-87,711321
272;41,890559;-87,711321;41,890559;-87,690522;41,909483;-87,711321;41,909483;-87,690522
273;41,890559;-87,690522;41,890559;-87,669723;41,909483;-87,690522;41,909483;-87,669723
274;41,890559;-87,669723;41,890559;-87,648924;41,909483;-87,669723;41,909483;-87,648924
275;41,890559;-87,648924;41,890559;-87,628125;41,909483;-87,648924;41,909483;-87,628125
276;41,890559;-87,628125;41,890559;-87,607326;41,909483;-87,628125;41,909483;-87,607326
277;41,890559;-87,607326;41,890559;-87,586527;41,909483;-87,607326;41,909483;-87,586527
278;41,890559;-87,586527;41,890559;-87,565728;41,909483;-87,586527;41,909483;-87,565728
279;41,890559;-87,565728;41,890559;-87,544929;41,909483;-87,565728;41,909483;-87,544929
280;41,890559;-87,544929;41,890559;-87,524130;41,909483;-87,544929;41,909483;-87,524130
281;41,909483;-87,940110;41,909483;-87,919311;41,928408;-87,940110;41,928408;-87,919311
282;41,909483;-87,919311;41,909483;-87,898512;41,928408;-87,919311;41,928408;-87,898512
283;41,909483;-87,898512;41,909483;-87,877713;41,928408;-87,898512;41,928408;-87,877713
284;41,909483;-87,877713;41,909483;-87,856914;41,928408;-87,877713;41,928408;-87,856914
285;41,909483;-87,856914;41,909483;-87,836115;41,928408;-87,856914;41,928408;-87,836115
286;41,909483;-87,836115;41,909483;-87,815316;41,928408;-87,836115;41,928408;-87,815316
287;41,909483;-87,815316;41,909483;-87,794517;41,928408;-87,815316;41,928408;-87,794517
288;41,909483;-87,794517;41,909483;-87,773718;41,928408;-87,794517;41,928408;-87,773718
289;41,909483;-87,773718;41,909483;-87,752919;41,928408;-87,773718;41,928408;-87,752919
290;41,909483;-87,752919;41,909483;-87,732120;41,928408;-87,752919;41,928408;-87,732120
291;41,909483;-87,732120;41,909483;-87,711321;41,928408;-87,732120;41,928408;-87,711321
292;41,909483;-87,711321;41,909483;-87,690522;41,928408;-87,711321;41,928408;-87,690522
293;41,909483;-87,690522;41,909483;-87,669723;41,928408;-87,690522;41,928408;-87,669723
294;41,909483;-87,669723;41,909483;-87,648924;41,928408;-87,669723;41,928408;-87,648924
295;41,909483;-87,648924;41,909483;-87,628125;41,928408;-87,648924;41,928408;-87,628125
296;41,909483;-87,628125;41,909483;-87,607326;41,928408;-87,628125;41,928408;-87,607326
297;41,909483;-87,607326;41,909483;-87,586527;41,928408;-87,607326;41,928408;-87,586527
298;41,909483;-87,586527;41,909483;-87,565728;41,928408;-87,586527;41,928408;-87,565728
299;41,909483;-87,565728;41,909483;-87,544929;41,928408;-87,565728;41,928408;-87,544929
300;41,909483;-87,544929;41,909483;-87,524130;41,928408;-87,544929;41,928408;-87,524130
301;41,928408;-87,940110;41,928408;-87,919311;41,947332;-87,940110;41,947332;-87,919311
302;41,928408;-87,919311;41,928408;-87,898512;41,947332;-87,919311;41,947332;-87,898512
303;41,928408;-87,898512;41,928408;-87,877713;41,947332;-87,898512;41,947332;-87,877713
304;41,928408;-87,877713;41,928408;-87,856914;41,947332;-87,877713;41,947332;-87,856914
305;41,928408;-87,856914;41,928408;-87,836115;41,947332;-87,856914;41,947332;-87,836115
306;41,928408;-87,836115;41,928408;-87,815316;41,947332;-87,836115;41,947332;-87,815316
307;41,928408;-87,815316;41,928408;-87,794517;41,947332;-87,815316;41,947332;-87,794517
308;41,928408;-87,794517;41,928408;-87,773718;41,947332;-87,794517;41,947332;-87,773718
309;41,928408;-87,773718;41,928408;-87,752919;41,947332;-87,773718;41,947332;-87,752919
310;41,928408;-87,752919;41,928408;-87,732120;41,947332;-87,752919;41,947332;-87,732120
311;41,928408;-87,732120;41,928408;-87,711321;41,947332;-87,732120;41,947332;-87,711321
312;41,928408;-87,711321;41,928408;-87,690522;41,947332;-87,711321;41,947332;-87,690522
313;41,928408;-87,690522;41,928408;-87,669723;41,947332;-87,690522;41,947332;-87,669723
314;41,928408;-87,669723;41,928408;-87,648924;41,947332;-87,669723;41,947332;-87,648924
315;41,928408;-87,648924;41,928408;-87,628125;41,947332;-87,648924;41,947332;-87,628125
316;41,928408;-87,628125;41,928408;-87,607326;41,947332;-87,628125;41,947332;-87,607326
317;41,928408;-87,607326;41,928408;-87,586527;41,947332;-87,607326;41,947332;-87,586527
318;41,928408;-87,586527;41,928408;-87,565728;41,947332;-87,586527;41,947332;-87,565728
319;41,928408;-87,565728;41,928408;-87,544929;41,947332;-87,565728;41,947332;-87,544929
320;41,928408;-87,544929;41,928408;-87,524130;41,947332;-87,544929;41,947332;-87,524130
321;41,947332;-87,940110;41,947332;-87,919311;41,966257;-87,940110;41,966257;-87,919311
322;41,947332;-87,919311;41,947332;-87,898512;41,966257;-87,919311;41,966257;-87,898512
323;41,947332;-87,898512;41,947332;-87,877713;41,966257;-87,898512;41,966257;-87,877713
324;41,947332;-87,877713;41,947332;-87,856914;41,966257;-87,877713;41,966257;-87,856914
325;41,947332;-87,856914;41,947332;-87,836115;41,966257;-87,856914;41,966257;-87,836115
326;41,947332;-87,836115;41,947332;-87,815316;41,966257;-87,836115;41,966257;-87,815316
327;41,947332;-87,815316;41,947332;-87,794517;41,966257;-87,815316;41,966257;-87,794517
328;41,947332;-87,794517;41,947332;-87,773718;41,966257;-87,794517;41,966257;-87,773718
329;41,947332;-87,773718;41,947332;-87,752919;41,966257;-87,773718;41,966257;-87,752919
330;41,947332;-87,752919;41,947332;-87,732120;41,966257;-87,752919;41,966257;-87,732120
331;41,947332;-87,732120;41,947332;-87,711321;41,966257;-87,732120;41,966257;-87,711321
332;41,947332;-87,711321;41,947332;-87,690522;41,966257;-87,711321;41,966257;-87,690522
333;41,947332;-87,690522;41,947332;-87,669723;41,966257;-87,690522;41,966257;-87,669723
334;41,947332;-87,669723;41,947332;-87,648924;41,966257;-87,669723;41,966257;-87,648924
335;41,947332;-87,648924;41,947332;-87,628125;41,966257;-87,648924;41,966257;-87,628125
336;41,947332;-87,628125;41,947332;-87,607326;41,966257;-87,628125;41,966257;-87,607326
337;41,947332;-87,607326;41,947332;-87,586527;41,966257;-87,607326;41,966257;-87,586527
338;41,947332;-87,586527;41,947332;-87,565728;41,966257;-87,586527;41,966257;-87,565728
339;41,947332;-87,565728;41,947332;-87,544929;41,966257;-87,565728;41,966257;-87,544929
340;41,947332;-87,544929;41,947332;-87,524130;41,966257;-87,544929;41,966257;-87,524130
341;41,966257;-87,940110;41,966257;-87,919311;41,985181;-87,940110;41,985181;-87,919311
342;41,966257;-87,919311;41,966257;-87,898512;41,985181;-87,919311;41,985181;-87,898512
343;41,966257;-87,898512;41,966257;-87,877713;41,985181;-87,898512;41,985181;-87,877713
344;41,966257;-87,877713;41,966257;-87,856914;41,985181;-87,877713;41,985181;-87,856914
345;41,966257;-87,856914;41,966257;-87,836115;41,985181;-87,856914;41,985181;-87,836115
346;41,966257;-87,836115;41,966257;-87,815316;41,985181;-87,836115;41,985181;-87,815316
347;41,966257;-87,815316;41,966257;-87,794517;41,985181;-87,815316;41,985181;-87,794517
348;41,966257;-87,794517;41,966257;-87,773718;41,985181;-87,794517;41,985181;-87,773718
349;41,966257;-87,773718;41,966257;-87,752919;41,985181;-87,773718;41,985181;-87,752919
350;41,966257;-87,752919;41,966257;-87,732120;41,985181;-87,752919;41,985181;-87,732120
351;41,966257;-87,732120;41,966257;-87,711321;41,985181;-87,732120;41,985181;-87,711321
352;41,966257;-87,711321;41,966257;-87,690522;41,985181;-87,711321;41,985181;-87,690522
353;41,966257;-87,690522;41,966257;-87,669723;41,985181;-87,690522;41,985181;-87,669723
354;41,966257;-87,669723;41,966257;-87,648924;41,985181;-87,669723;41,985181;-87,648924
355;41,966257;-87,648924;41,966257;-87,628125;41,985181;-87,648924;41,985181;-87,628125
356;41,966257;-87,628125;41,966257;-87,607326;41,985181;-87,628125;41,985181;-87,607326
357;41,966257;-87,607326;41,966257;-87,586527;41,985181;-87,607326;41,985181;-87,586527
358;41,966257;-87,586527;41,966257;-87,565728;41,985181;-87,586527;41,985181;-87,565728
359;41,966257;-87,565728;41,966257;-87,544929;41,985181;-87,565728;41,985181;-87,544929
360;41,966257;-87,544929;41,966257;-87,524130;41,985181;-87,544929;41,985181;-87,524130
361;41,985181;-87,940110;41,985181;-87,919311;42,004105;-87,940110;42,004105;-87,919311
362;41,985181;-87,919311;41,985181;-87,898512;42,004105;-87,919311;42,004105;-87,898512
363;41,985181;-87,898512;41,985181;-87,877713;42,004105;-87,898512;42,004105;-87,877713
364;41,985181;-87,877713;41,985181;-87,856914;42,004105;-87,877713;42,004105;-87,856914
365;41,985181;-87,856914;41,985181;-87,836115;42,004105;-87,856914;42,004105;-87,836115
366;41,985181;-87,836115;41,985181;-87,815316;42,004105;-87,836115;42,004105;-87,815316
367;41,985181;-87,815316;41,985181;-87,794517;42,004105;-87,815316;42,004105;-87,794517
368;41,985181;-87,794517;41,985181;-87,773718;42,004105;-87,794517;42,004105;-87,773718
369;41,985181;-87,773718;41,985181;-87,752919;42,004105;-87,773718;42,004105;-87,752919
370;41,985181;-87,752919;41,985181;-87,732120;42,004105;-87,752919;42,004105;-87,732120
371;41,985181;-87,732120;41,985181;-87,711321;42,004105;-87,732120;42,004105;-87,711321
372;41,985181;-87,711321;41,985181;-87,690522;42,004105;-87,711321;42,004105;-87,690522
373;41,985181;-87,690522;41,985181;-87,669723;42,004105;-87,690522;42,004105;-87,669723
374;41,985181;-87,669723;41,985181;-87,648924;42,004105;-87,669723;42,004105;-87,648924
375;41,985181;-87,648924;41,985181;-87,628125;42,004105;-87,648924;42,004105;-87,628125
376;41,985181;-87,628125;41,985181;-87,607326;42,004105;-87,628125;42,004105;-87,607326
377;41,985181;-87,607326;41,985181;-87,586527;42,004105;-87,607326;42,004105;-87,586527
378;41,985181;-87,586527;41,985181;-87,565728;42,004105;-87,586527;42,004105;-87,565728
379;41,985181;-87,565728;41,985181;-87,544929;42,004105;-87,565728;42,004105;-87,544929
380;41,985181;-87,544929;41,985181;-87,524130;42,004105;-87,544929;42,004105;-87,524130
381;42,004105;-87,940110;42,004105;-87,919311;42,023030;-87,940110;42,023030;-87,919311
382;42,004105;-87,919311;42,004105;-87,898512;42,023030;-87,919311;42,023030;-87,898512
383;42,004105;-87,898512;42,004105;-87,877713;42,023030;-87,898512;42,023030;-87,877713
384;42,004105;-87,877713;42,004105;-87,856914;42,023030;-87,877713;42,023030;-87,856914
385;42,004105;-87,856914;42,004105;-87,836115;42,023030;-87,856914;42,023030;-87,836115
386;42,004105;-87,836115;42,004105;-87,815316;42,023030;-87,836115;42,023030;-87,815316
387;42,004105;-87,815316;42,004105;-87,794517;42,023030;-87,815316;42,023030;-87,794517
388;42,004105;-87,794517;42,004105;-87,773718;42,023030;-87,794517;42,023030;-87,773718
389;42,004105;-87,773718;42,004105;-87,752919;42,023030;-87,773718;42,023030;-87,752919
390;42,004105;-87,752919;42,004105;-87,732120;42,023030;-87,752919;42,023030;-87,732120
391;42,004105;-87,732120;42,004105;-87,711321;42,023030;-87,732120;42,023030;-87,711321
392;42,004105;-87,711321;42,004105;-87,690522;42,023030;-87,711321;42,023030;-87,690522
393;42,004105;-87,690522;42,004105;-87,669723;42,023030;-87,690522;42,023030;-87,669723
394;42,004105;-87,669723;42,004105;-87,648924;42,023030;-87,669723;42,023030;-87,648924
395;42,004105;-87,648924;42,004105;-87,628125;42,023030;-87,648924;42,023030;-87,628125
396;42,004105;-87,628125;42,004105;-87,607326;42,023030;-87,628125;42,023030;-87,607326
397;42,004105;-87,607326;42,004105;-87,586527;42,023030;-87,607326;42,023030;-87,586527
398;42,004105;-87,586527;42,004105;-87,565728;42,023030;-87,586527;42,023030;-87,565728
399;42,004105;-87,565728;42,004105;-87,544929;42,023030;-87,565728;42,023030;-87,544929
400;42,004105;-87,544929;42,004105;-87,524130;42,023030;-87,544929;42,023030;-87,524130
