latitud,longitud,cost
41.8543813061,-87.6845431346,15
41.8529201042,-87.7016798048,15
41.920325857,-87.7118040312,15
41.8549227753,-87.68290056,15
41.8511026708,-87.7034395798,15
41.8529671755,-87.7036411246,15
41.8281103251,-87.6180764071,15
41.8529322975,-87.7036714432,15
41.8552514829,-87.6832798255,15
41.8537166283,-87.6832625217,15
41.8531911286,-87.682631096,15
41.853236455,-87.6844447607,15
41.8523047472,-87.702362564,15
41.932449517,-87.7152813804,15
41.8515610343,-87.7014611493,15
41.7345285984,-87.5888192779,16
41.7357624657,-87.5872904508,16
42.0484878917,-87.6887161343,17
42.0115456203,-87.6649530808,19
41.9324782199,-87.6912388872,20
41.8511297799,-87.7021300994,20
42.0153700709,-87.6870756286,20
41.7381500578,-87.5639423675,20
41.7377418083,-87.5653210045,20
41.9504194884,-87.760445995,20
41.8406271409,-87.6494066118,20
41.7378077001,-87.5649814191,20
41.9511849976,-87.7814765041,20
41.7397440879,-87.5648775427,20
41.8522557519,-87.7036337609,20
41.857189172,-87.6934714634,20
41.7377233442,-87.5636635949,20
41.7975072706,-87.5875147415,20
41.7528231365,-87.5620127955,20
41.7398836922,-87.5634948455,20
41.9432035273,-87.7065627567,20
41.9106100936,-87.6772447778,21
41.8564834384,-87.6630819889,22
41.9509876277,-87.7814899901,22
41.9953352402,-87.7025030671,22
41.8562444568,-87.6600535175,22
41.854650926,-87.6596382367,22
41.8379866124,-87.6534745774,22
41.85506469,-87.6588670989,22
41.9972866917,-87.7033613726,22
42.0052538302,-87.6667553383,23
41.8543225509,-87.6707329364,23
41.9506179272,-87.7808260586,24
41.8558194315,-87.6724293851,24
41.8428990708,-87.6489797354,24
41.8936236424,-87.7787772421,25
41.8563602637,-87.671964689,25
42.015897818,-87.688268303,25
41.9700769775,-87.6830268173,25
41.7973410435,-87.5951151402,25
41.9461691356,-87.6547179824,25
41.8568530279,-87.6718102799,25
42.0170133852,-87.6871826299,25
41.8673218578,-87.6452634903,25
41.6880005845,-87.6731924797,25
42.0171392803,-87.6880811521,25
41.9441831856,-87.6698760947,25
41.8810785014,-87.7900835255,25
42.015754565,-87.6867773997,25
41.8811593066,-87.7940481392,25
41.7624600196,-87.5664557709,25
41.8814783054,-87.6425011877,25
41.7951054925,-87.6812565716,25
41.8946380212,-87.6737446693,25
41.9487979224,-87.7814462987,25
41.68994916,-87.671137065,25
41.8550560959,-87.671984333,25
41.9317891449,-87.7224381333,25
41.9727062602,-87.6566529858,25
41.8728989218,-87.778913087,25
42.0212668263,-87.6667148087,25
41.856982443,-87.6715306763,25
41.799671513,-87.6030684921,26
41.9071432136,-87.8052699503,26
41.9465553328,-87.6550865904,27
41.9466187754,-87.6554067992,27
41.9451225002,-87.6548175125,27
42.0065751421,-87.6817808157,27
41.7945987445,-87.5954488264,27
42.0075317923,-87.6817299122,27
41.946247229,-87.6553797446,27
41.8647392467,-87.6848799768,28
41.8524076842,-87.6923336629,28
41.9206281039,-87.7109388403,28
41.8700634258,-87.6866898057,28
41.9584723567,-87.7432564341,28
41.8534186769,-87.6668430625,28
41.8639804719,-87.6830219774,28
41.8976749976,-87.6632742046,28
41.95247065,-87.6549754287,28
41.8302612931,-87.6784744363,29
41.9294869404,-87.6413710218,29
41.9489925991,-87.7810515991,29
41.7914346676,-87.5938766868,29
41.836773606,-87.6486467205,29
41.8723705808,-87.7797562471,29
41.8728239138,-87.7973502118,29
41.8376635009,-87.6504393782,29
41.8060670964,-87.6206858724,29
41.9495066139,-87.7808078161,29
41.8020629444,-87.5922109113,29
41.961919301,-87.7357645907,29
42.0096515832,-87.6975263805,29
41.9497646331,-87.7808340548,29
41.9336121894,-87.7197664634,29
41.8008923503,-87.5984041573,29
41.9119299475,-87.6958211107,30
42.0156219887,-87.68818364,30
42.0153826334,-87.6887610269,30
41.9322088572,-87.7206641626,30
41.9425568135,-87.6464772027,30
42.0174063651,-87.6723260668,30
41.8044028041,-87.5855424602,30
41.7401304994,-87.5513471248,30
41.8474065193,-87.6905115825,30
41.9161366397,-87.7262610907,30
41.9337103879,-87.7208096018,30
41.7953566081,-87.5921920717,30
42.0014809121,-87.6714896888,30
41.8848517312,-87.7744535066,30
41.899612173,-87.6875398509,30
41.9604903456,-87.6555358457,30
41.9839393394,-87.7136976156,30
42.0215565258,-87.6714775343,30
41.8336857827,-87.6137772402,30
41.899612173,-87.6875398509,30
41.9337103879,-87.7208096018,30
42.0045292004,-87.6649803735,30
41.9105569869,-87.6776787959,30
41.9604903456,-87.6555358457,30
41.8538695413,-87.6545211849,30
41.8984770844,-87.6698131352,30
41.7646877576,-87.572148398,30
41.8814465042,-87.6959574422,30
41.9055352916,-87.6886222941,30
41.8512452048,-87.7019038728,30
41.8680502124,-87.6592630047,30
42.0171025093,-87.6884700204,30
41.8814465042,-87.6959574422,30
41.8984770844,-87.6698131352,30
41.916996894,-87.7070196399,30
42.0215565258,-87.6714775343,30
41.8844846387,-87.7740995855,30
41.8586508514,-87.6945131713,30
41.9435710607,-87.7254891385,30
41.9055352916,-87.6886222941,30
41.9576689311,-87.7327515037,30
41.8336857827,-87.6137772402,30
41.7943940859,-87.6801694855,30
41.9103129277,-87.6292863097,30
41.9105569869,-87.6776787959,30
42.0277918632,-87.6840540291,30
41.9764300362,-87.6988411816,30
41.7944871449,-87.5917738178,30
42.0169003105,-87.6890484321,30
41.8853790964,-87.7748677583,31
41.9331317628,-87.7041159144,31
41.9265828296,-87.7721715582,31
42.0172398939,-87.682357006,33
41.9462179439,-87.6443761937,34
41.7838408034,-87.72759176,34
41.8350412262,-87.6416102199,34
41.8520994674,-87.705065986,34
41.8539044125,-87.674794814,35
41.8546188294,-87.6724183432,35
41.9550037159,-87.6501692427,35
41.8831762382,-87.6956104145,35
41.7914669062,-87.6971103529,35
41.7948629849,-87.5838548876,35
41.8737128289,-87.6487025331,35
41.8499751083,-87.6762332652,35
41.923962128,-87.7698938657,35
41.896093572,-87.6206006685,35
41.9968642155,-87.8082845832,35
41.9274498725,-87.7246038208,35
42.0209669648,-87.6738025892,35
41.9301712198,-87.7188413786,35
41.9325062573,-87.7211826243,35
41.8522879261,-87.7032889646,35
41.8777854242,-87.7051330463,35
41.8770460692,-87.6530292981,35
41.874958315,-87.6509477813,35
41.9306612888,-87.7179391474,35
41.9516848249,-87.6797710674,35
41.922619922,-87.7098890889,35
41.8593303905,-87.6570068535,35
41.8743629706,-87.6499325497,35
41.9972999187,-87.6614124912,35
41.8787520024,-87.6484767004,35
41.8342050537,-87.6380749785,36
41.8529475345,-87.7002606306,36
41.8241746247,-87.6437509389,36
41.9104932897,-87.7040468074,36
41.8797810662,-87.6253237255,36
41.883271385,-87.709079977,36
41.8797810662,-87.6253237255,36
41.9397990897,-87.6493735715,36
41.9323481981,-87.7204540674,36
41.851979937,-87.6740328128,37
41.8328215658,-87.641542897,37
41.8581827898,-87.6627989544,37
41.8840591767,-87.7091194801,37
41.850436948,-87.6835344432,38
41.8341182596,-87.638956707,38
41.8568908972,-87.6705110997,38
41.8407985956,-87.7149814462,38
41.8341182596,-87.638956707,38
41.8281026157,-87.6210386234,39
42.0173925168,-87.6827376051,39
41.8287611328,-87.6203791032,39
41.8548538706,-87.6743529629,39
41.8019095742,-87.5957456378,39
41.9058884916,-87.6897931817,39
41.8541407399,-87.673887932,39
41.8427754459,-87.6174539794,39
41.8298304665,-87.6198863754,39
41.9801945859,-87.7146302643,39
41.9615656983,-87.7053790912,39
41.9852639887,-87.7175236986,39
41.8775311035,-87.7774799543,39
41.9481639108,-87.6517219229,39
41.9352379965,-87.7124790182,39
41.8562502139,-87.673416535,39
41.9558643681,-87.7088821829,39
41.8283494727,-87.6191393059,39
41.8552265542,-87.6510449429,39
41.8782950179,-87.6816913726,39
41.985351195,-87.7751800245,40
41.9215209051,-87.7212494714,40
41.8990722269,-87.6808496783,40
41.9220432279,-87.7160611686,40
41.9104131713,-87.7032847921,40
41.9563178199,-87.719898067,40
41.8576053506,-87.6799664496,40
42.0143579626,-87.6677062202,40
41.7958545693,-87.596986057,40
41.8701659653,-87.651923928,40
41.9362739834,-87.6805558727,40
41.9065280682,-87.6955563454,40
41.7958809786,-87.5840413681,40
41.959973686,-87.705627115,40
41.9391226425,-87.7181343969,40
41.8015656301,-87.5970516455,40
41.8723122565,-87.7141992614,40
41.9502808643,-87.6576911655,40
41.8842511751,-87.7088547164,40
41.8992108374,-87.6736042961,40
41.7845077102,-87.5974309612,40
42.0213883042,-87.6736321787,40
41.877277337,-87.7738034111,40
41.927685728,-87.7000305552,40
41.9553875186,-87.7541660438,40
42.0057466133,-87.6700854261,40
41.8839112371,-87.6267707238,40
41.9433240187,-87.6493178462,40
41.9010142797,-87.7060074492,41
41.8487695382,-87.6854373072,41
41.8544428996,-87.6925311371,41
41.7772442968,-87.5976175603,41
41.7990539121,-87.5847255155,42
41.9261166984,-87.6966878789,42
42.0023059595,-87.6571363695,42
41.9637625434,-87.7846279033,42
41.9369236729,-87.7714444669,42
41.9593510234,-87.6796345053,42
41.9967294568,-87.6625953813,42
41.8882569452,-87.6192733816,43
41.982548668,-87.7889932112,43
41.982548668,-87.7889932112,43
41.7992495843,-87.5846098025,43
41.945988965,-87.7336096828,43
41.8765479167,-87.681978777,44
41.9776976599,-87.6889637653,44
41.9113897361,-87.7040400555,44
41.998107349,-87.6648229222,44
41.8732978349,-87.6856060845,45
41.8660164179,-87.6232709598,45
41.9222065584,-87.6908019827,45
41.9508677777,-87.6603703375,45
41.9357324935,-87.7103803853,45
41.9785926904,-87.6809247747,45
41.9311449772,-87.7187338389,45
41.8418382905,-87.6554301953,45
41.9311449772,-87.7187338389,45
41.933119674,-87.7192506053,45
41.8898959769,-87.6202172999,45
41.8402778956,-87.631448412,45
41.8588555219,-87.623014566,45
41.9318586737,-87.7181993015,45
41.884697107,-87.6206328892,45
41.9357324935,-87.7103803853,45
41.8660164179,-87.6232709598,45
41.8916423808,-87.6738364134,45
41.8732978349,-87.6856060845,45
41.994489029,-87.69215366,45
41.9785926904,-87.6809247747,45
41.7991421594,-87.5907891628,45
41.931534225,-87.717895002,45
41.7991421594,-87.5907891628,45
41.933119674,-87.7192506053,45
41.8918082867,-87.6738602273,45
41.884697107,-87.6206328892,45
41.8588555219,-87.623014566,45
41.9378089219,-87.7020423896,45
41.9497305064,-87.656456032,46
41.9626571523,-87.6516699261,46
41.8064555411,-87.613508305,46
41.80602939,-87.6139197881,47
41.8694292673,-87.6823910269,47
41.8779398155,-87.6246530128,47
41.8628521471,-87.6828742402,49
41.8561292726,-87.6473730287,49
41.8827779419,-87.7092485883,49
41.977080917,-87.6915774132,49
41.8415487499,-87.6488452521,49
41.9219627477,-87.6656380485,49
41.9452028116,-87.667798086,49
41.894034506,-87.6807462292,49
41.951868956,-87.7065252422,49
41.9028930419,-87.7091637284,49
41.9337535253,-87.7106223293,49
41.8715869345,-87.6426566214,49
41.8606071391,-87.6231956075,49
41.8415487499,-87.6488452521,49
41.8093296857,-87.60408351,49
41.9522953082,-87.7207399602,49
41.9297634501,-87.7039170858,50
42.0163689562,-87.6690802967,50
41.7888649009,-87.5867089096,50
41.9618493863,-87.7399391487,50
41.9391501903,-87.6551613331,50
41.8770222509,-87.7903744995,50
41.8769702083,-87.628207258,50
41.8351469052,-87.6370944581,50
41.8994285114,-87.6943646739,50
41.9459553176,-87.6862310809,50
41.9745724897,-87.675888753,50
41.8976149497,-87.6660457052,50
42.0064589324,-87.6635293432,50
41.9580876755,-87.6521042309,50
41.9289823277,-87.7039553052,50
41.8880517182,-87.6447678424,50
41.8709080646,-87.6514896067,50
41.8769702083,-87.628207258,50
41.9992025489,-87.6720880355,50
41.9287964806,-87.6500053494,50
41.7839691963,-87.5972099662,50
41.8835472003,-87.6858881213,50
41.9106381665,-87.6929984412,50
41.928528606,-87.726274626,50
41.7963952146,-87.5842976281,50
42.0051696795,-87.6643112331,50
41.8406279451,-87.658187918,50
41.9070259302,-87.6876863208,50
41.9023484741,-87.66584547,51
41.9825419342,-87.6729352947,51
41.77383935,-87.5931063063,51
41.8027045004,-87.5847807965,52
41.8377753895,-87.6347704242,52
41.9463671693,-87.6691863371,52
41.9350602371,-87.6557645176,53
41.9172815533,-87.6798768719,54
41.9430127226,-87.6506413902,54
41.9536452954,-87.6709692336,54
41.8012967938,-87.5859375405,54
41.946648944,-87.655168971,54
41.9217969925,-87.6830366906,54
41.8535350268,-87.6940010709,54
41.8039440805,-87.603916244,55
41.945217538,-87.6481917023,55
41.8869350371,-87.7023002043,55
41.9005969113,-87.6631492376,55
41.9754874633,-87.6667482663,55
41.8124555094,-87.6431882423,55
41.8856461181,-87.7033435505,55
41.9018750316,-87.6347057593,55
41.8574701368,-87.6796202979,55
41.859759094,-87.6245013383,55
41.7764715877,-87.5987442643,55
41.8065351751,-87.6203144066,55
41.8030364771,-87.6213256671,55
41.9408789269,-87.6489261972,55
41.873026763,-87.6887512287,55
41.9239793567,-87.7230888754,55
41.9079336416,-87.6884023468,55
41.9191312289,-87.7110992469,55
41.9376634281,-87.6566690558,55
41.812720979,-87.6221887812,55
41.7769868968,-87.5974213519,55
41.8862158094,-87.7005898258,55
41.9357426821,-87.6622518326,55
41.9609987694,-87.6515859802,55
41.8724099499,-87.6521278348,55
41.8875466083,-87.7019463412,55
41.9560226253,-87.7278085618,55
41.9018199013,-87.6840208038,55
41.9134444728,-87.690307944,55
41.9459842689,-87.7243294329,55
41.9309453187,-87.71357845,56
41.9091873357,-87.6897841468,56
41.9503385308,-87.6551667011,56
41.8984984205,-87.6612018614,57
41.8821807963,-87.7087950126,57
41.9261255234,-87.7134370622,57
41.8380075609,-87.617552921,57
41.8381179507,-87.6523095503,58
41.8285625977,-87.6520794664,58
41.9644558907,-87.6900439898,58
41.8573729125,-87.6727850886,58
41.840065132,-87.7097511106,58
41.9507828937,-87.6595649681,59
41.9099974505,-87.6856492586,59
41.8717608483,-87.653939203,59
41.8956028481,-87.6580903741,59
41.928066965,-87.6957599671,59
41.911312792,-87.6860489371,59
41.9505073877,-87.6580990478,59
41.9779016356,-87.6571333372,59
41.8871723326,-87.707649842,59
41.881425555,-87.6414456188,59
41.7991407271,-87.6002448234,59
41.8692193358,-87.665818127,60
41.8979550884,-87.6999943536,60
41.8362576771,-87.6464347667,60
41.8692404895,-87.6652328022,60
41.8574598802,-87.696321942,60
41.8692404895,-87.6652328022,60
41.9197580971,-87.7006099377,60
41.8304065591,-87.6096340667,60
41.8847790745,-87.6246264152,60
41.8872129713,-87.6171015764,60
41.8688661423,-87.6617446702,60
41.8979550884,-87.6999943536,60
41.8509639456,-87.6784479815,60
41.9265566552,-87.6644206172,60
41.8714311055,-87.6641886264,60
41.9265566552,-87.6644206172,60
41.9333531582,-87.7155143985,60
41.9191864264,-87.7102119472,60
41.9100029453,-87.6841344919,60
41.9840246199,-87.8371733118,60
41.9333531582,-87.7155143985,60
41.8102963371,-87.6244397359,60
41.8932373219,-87.6157926204,60
41.9230685838,-87.6947880019,60
41.9210967166,-87.713411039,60
41.9662262618,-87.6812125961,60
41.9068377687,-87.6897392167,60
41.8505812005,-87.6353613082,60
41.9046294509,-87.6649756897,60
41.8509639456,-87.6784479815,60
41.8991705353,-87.6374066642,60
41.9241195319,-87.7004802305,60
41.8287529036,-87.608256953,60
41.9736814466,-87.6534527438,60
41.8287529036,-87.608256953,60
41.8304065591,-87.6096340667,60
41.8714311055,-87.6641886264,60
41.9955396821,-87.6653394377,60
41.9197580971,-87.7006099377,60
41.9662262618,-87.6812125961,60
41.8818094668,-87.6428647898,60
41.9827235494,-87.6607887477,60
41.8724073433,-87.6633234078,60
41.9100029453,-87.6841344919,60
41.8688624848,-87.6615386781,60
41.8574598802,-87.696321942,60
41.9955396821,-87.6653394377,60
41.8524958578,-87.6178880702,60
41.9275909776,-87.7007648285,60
41.9264950063,-87.6587038397,60
41.8932373219,-87.6157926204,60
41.909001238,-87.6935658264,62
41.8675479233,-87.6787969381,62
41.9327583659,-87.6481451444,63
41.9330943233,-87.6471332233,63
41.873456454,-87.6738297766,63
41.9336162631,-87.7225192252,64
41.8845003459,-87.6244473452,65
41.8814877162,-87.6248603699,65
41.8915066656,-87.67216108,65
41.936914694,-87.7718779069,65
41.9310959159,-87.647769668,65
41.898845319,-87.6656545092,65
41.935138905,-87.6495480084,65
41.9666197502,-87.7619747246,65
41.9014319899,-87.6783579513,65
41.851104982,-87.6673911384,65
41.9791412881,-87.667166267,65
41.8814877162,-87.6248603699,65
41.800654211,-87.5848819678,65
41.8539165243,-87.6757220724,65
41.8546282318,-87.653808687,65
41.8502959516,-87.6323992182,65
41.9561790198,-87.6508804076,65
41.9308114922,-87.7111940554,65
41.9948696424,-87.6546487776,65
41.9013595024,-87.6797339984,65
41.9440623666,-87.6729476078,65
41.9748182968,-87.6598350399,65
41.8926723153,-87.6686874511,65
41.863185148,-87.646795997,65
41.7987869707,-87.5890233965,65
41.9054617309,-87.666237089,65
41.827335229,-87.6187090525,65
42.0145476628,-87.665106659,65
41.9249226158,-87.6443121167,66
41.9757200536,-87.6765951061,66
41.8472076286,-87.6793241412,67
41.96885324,-87.6502778456,67
41.6930532258,-87.6063804582,68
41.6930359526,-87.6076108385,68
41.9063905991,-87.6661303917,68
41.8047254447,-87.5845056416,68
41.8842464109,-87.6978234984,69
41.9003019003,-87.6851958168,69
41.8559819994,-87.6697976339,69
41.850505378,-87.6692984556,69
41.9858988735,-87.6554629018,69
41.8551716683,-87.6619105747,69
41.9548107978,-87.6496348465,69
41.9485071357,-87.6829073655,69
41.8807952311,-87.6412483832,69
41.8649338876,-87.6244002257,69
41.8036754837,-87.5854424723,70
41.9113597824,-87.6829683497,70
41.9038342885,-87.6322452837,70
41.7962619342,-87.600159291,70
41.9009187899,-87.6923796603,70
41.9007139064,-87.6881152768,70
41.9293194225,-87.6413808103,70
41.9125831517,-87.6723820384,70
41.8746818747,-87.6895101751,70
41.8017938278,-87.5986344987,70
41.9340201164,-87.7109287704,70
41.8000158238,-87.5890499582,70
41.9020211927,-87.666308244,70
41.8472345669,-87.7136996412,70
41.9966655901,-87.6621305977,70
41.7971784875,-87.5973471668,70
41.9871071058,-87.6590110794,70
41.8811768046,-87.6411669135,70
41.9302966629,-87.7223254911,70
41.8510474887,-87.6794189065,70
41.8720681922,-87.6288278427,70
41.9094907982,-87.6835626671,70
41.9454114643,-87.6531953675,70
41.9132659269,-87.6740759733,70
41.9035929935,-87.696426788,70
41.8510309747,-87.6995076644,70
41.8745611627,-87.6889168082,70
41.9022725383,-87.679574836,70
41.8308664128,-87.6100521657,70
41.9199435459,-87.6979104066,70
41.9302844422,-87.7226919805,70
41.8322817896,-87.6209552509,70
41.9328991674,-87.724318629,70
41.8006428975,-87.5887872936,70
41.8544619754,-87.6725038048,70
41.9415717005,-87.7065616524,70
41.7931437635,-87.6036144532,71
41.9799367823,-87.6715439538,71
41.9156441023,-87.6879017399,72
41.8575553966,-87.6577465684,72
41.7989899531,-87.5897259223,72
41.9821596438,-87.7993598814,72
41.9932217999,-87.6720462265,72
41.9359857757,-87.6401884761,73
41.7942766815,-87.5926546886,73
41.8930334643,-87.6286943564,74
41.9084289059,-87.6267439007,74
41.90436116,-87.6795341447,74
41.8778321254,-87.781920445,74
41.9080029643,-87.6355890384,75
41.8957067504,-87.6507673713,75
41.9150594175,-87.6876938903,75
41.7993518438,-87.597166777,75
41.9362543367,-87.7124542419,75
41.9301767688,-87.6597761559,75
41.8972723291,-87.7024014075,75
41.8016628898,-87.5953146137,75
41.8864131618,-87.6159698169,75
41.9687284706,-87.6945381991,75
41.8769757372,-87.6504961318,75
41.8703094668,-87.6823018949,75
41.9177779417,-87.7090541523,75
41.8703094668,-87.6823018949,75
41.9053664414,-87.6796483146,75
41.9544750634,-87.7070503224,75
41.9482082099,-87.6482867885,75
41.9223374617,-87.6870032589,75
41.89843748,-87.6279743513,75
41.8129019067,-87.6005097372,75
41.9621557056,-87.6558687971,75
41.8769757372,-87.6504961318,75
41.926448221,-87.7110797845,75
41.8129019067,-87.6005097372,75
41.8864131618,-87.6159698169,75
41.8856940238,-87.6233169685,75
41.9223374617,-87.6870032589,75
41.9395779042,-87.6501551825,75
41.8765056712,-87.6474851877,75
41.8988752198,-87.6208635656,75
41.8846017355,-87.789722669,75
41.9621557056,-87.6558687971,75
41.9513064572,-87.6461822205,75
41.9482082099,-87.6482867885,75
41.8856940238,-87.6233169685,75
41.8765056712,-87.6474851877,75
41.7955718097,-87.7328315684,75
41.9205531796,-87.687434991,75
41.8988752198,-87.6208635656,75
41.9011210858,-87.6652132107,75
41.9544750634,-87.7070503224,75
41.9428255703,-87.6407566143,75
41.9631686805,-87.6768140394,78
41.9719212923,-87.7037514641,78
41.8591748831,-87.6442230616,79
41.9437572849,-87.6516360451,79
41.9176553591,-87.6533716529,79
41.9184950816,-87.6532487945,79
41.9553268718,-87.651634196,79
41.9246860709,-87.709484639,79
41.9369803594,-87.6405796171,79
41.9157067969,-87.7008071004,79
41.8585002069,-87.6692095077,80
41.9289153025,-87.70482633,80
41.8117276858,-87.6148344305,80
41.8925864027,-87.6699924642,80
41.9334794907,-87.7066968913,80
41.8477975633,-87.6338339775,80
41.8543454952,-87.6203808983,80
41.9557014683,-87.6666787995,80
41.9240899434,-87.6841947623,80
41.8738970664,-87.6635777306,80
41.7830717271,-87.5973555971,80
41.8540523977,-87.6515221475,80
41.943204205,-87.7147196827,80
41.8270731893,-87.6751529562,80
41.9171669887,-87.7072683414,80
41.9110190033,-87.6842789486,80
41.8934797223,-87.6852550937,80
41.893820404,-87.6307385921,80
42.0066292934,-87.6854415495,80
41.9028449379,-87.6818295989,80
42.0080820936,-87.6680102363,80
41.9408361213,-87.6578147447,81
41.9709531297,-87.6570567224,81
41.901922781,-87.6822402517,82
41.9008748376,-87.6305718009,82
41.9709406488,-87.7162376583,82
41.9051578478,-87.7079233511,82
41.9692307713,-87.6726407895,82
41.940937447,-87.6530138675,83
41.9560160797,-87.7286140389,84
41.9533330787,-87.6554480138,84
41.9174436982,-87.6536821155,84
41.9353890544,-87.639253068,84
41.9534512965,-87.6549265241,84
41.9532136978,-87.6547076196,84
41.9462985811,-87.6476988206,84
41.9653301612,-87.7544784974,85
41.8895621083,-87.6626733634,85
41.9600880393,-87.694525999,85
41.9618859352,-87.6702616621,85
41.9706191349,-87.6671755612,85
41.8131597344,-87.5988905807,85
41.8700773563,-87.6634672071,85
41.8158592043,-87.6210855793,85
41.8933625198,-87.6160939795,85
41.9189043068,-87.6907711394,85
41.8020775673,-87.5935147401,85
41.937606734,-87.6404926095,85
41.9023800293,-87.6351615216,85
41.9649268679,-87.6953886382,85
41.8898659313,-87.7171642049,85
41.937606734,-87.6404926095,85
41.9730731699,-87.6530925562,85
41.9401683349,-87.7141706417,85
41.975729522,-87.6604749433,85
41.8034751368,-87.6091343378,85
41.9547909877,-87.6495016136,85
41.8826030905,-87.6253554002,85
41.9700905764,-87.6590638017,85
41.9359141284,-87.6762193582,85
41.8394200523,-87.6172239274,85
41.8896626205,-87.7741675126,85
41.9041291423,-87.707408845,85
41.8058738579,-87.7594356645,85
41.9426220102,-87.6502221006,85
41.8542924143,-87.6276805279,85
41.9188784209,-87.6922621158,85
41.9349307895,-87.6461952448,85
41.8978174078,-87.6724461741,85
41.9895021337,-87.6668484686,85
41.9017282847,-87.6336475646,85
41.9162197775,-87.6693262386,85
41.9718595267,-87.6611498737,86
41.8529750468,-87.6276121992,86
41.9360013657,-87.6469531475,87
41.9360013657,-87.6469531475,87
41.8479988397,-87.6340475446,88
41.825155232,-87.6745575506,88
41.8041233227,-87.5864396594,88
41.8903457717,-87.621572496,89
41.8774340104,-87.6433958195,89
41.8871580855,-87.6436755717,89
41.9322730156,-87.6398157966,89
41.9501389758,-87.6469996869,89
41.8722301855,-87.6282732656,89
41.9223339272,-87.6906820198,89
41.895294054,-87.6383750246,89
41.8729821584,-87.6288910001,89
41.8858411823,-87.6248123835,89
41.923870155,-87.7127529992,89
41.8760727363,-87.6408728936,89
41.9064515405,-87.6864092063,89
41.949423946,-87.6512008345,89
41.9376141,-87.6422057906,90
41.8227192664,-87.6174336044,90
41.9893719723,-87.666976185,90
41.8825123349,-87.6253498384,90
41.9178580145,-87.7236327395,90
41.9445824776,-87.6483528483,90
41.8815203415,-87.6419922393,90
41.9417155435,-87.6790847162,90
41.8937749004,-87.6346521129,90
41.8918382149,-87.6688006216,90
41.9018922231,-87.6272264134,90
41.9425688711,-87.7321937485,90
41.854035911,-87.6222856223,90
41.9260850518,-87.7013902178,90
41.8562873894,-87.6514673407,90
41.9555200937,-87.7019821705,90
41.9134051622,-87.6346913372,90
41.9159433424,-87.7096233688,90
41.9417155435,-87.6790847162,90
41.8926500177,-87.6703794016,90
41.8562873894,-87.6514673407,90
41.9444042583,-87.7302013262,90
41.9239280238,-87.6832336538,90
41.8594682124,-87.6238716194,90
41.8815203415,-87.6419922393,90
41.8537364863,-87.6233663078,90
41.8937749004,-87.6346521129,90
41.8918382149,-87.6688006216,90
41.7793949294,-87.6028079113,90
41.8864328979,-87.7762773065,90
41.8815203415,-87.6419922393,90
41.9764427752,-87.6710121788,90
41.9376141,-87.6422057906,90
41.9445824776,-87.6483528483,90
41.9239280238,-87.6832336538,90
41.9022986441,-87.6343668984,90
41.8825123349,-87.6253498384,90
41.8537364863,-87.6233663078,90
41.9134051622,-87.6346913372,90
41.9018922231,-87.6272264134,90
41.9067415165,-87.6656573693,90
41.9580525361,-87.6562284027,90
41.9555200937,-87.7019821705,90
41.8864328979,-87.7762773065,90
41.9893719723,-87.666976185,90
41.919700451,-87.7063605353,90
41.854035911,-87.6222856223,90
41.8985437503,-87.6744662337,90
41.9513874904,-87.7304123341,92
41.6855666389,-87.6795619714,92
41.9294093359,-87.7118894676,94
41.9299414094,-87.6511032654,94
41.9465359219,-87.6524015046,94
41.9196693494,-87.7052838467,95
41.9093592206,-87.6764594956,95
41.9886893811,-87.6635550476,95
41.9293049856,-87.71828849,95
41.9813198821,-87.6560964197,95
41.9561143037,-87.687595332,95
41.9467354775,-87.6492368051,95
41.9228839776,-87.6407324492,95
41.9227965768,-87.7107368756,95
41.8860854843,-87.6253825445,95
41.9048933424,-87.6369771181,95
41.9274346628,-87.6412249351,95
41.8725951405,-87.6864840518,95
41.8984516142,-87.6325241462,95
41.8814896653,-87.6247914114,95
41.9616016867,-87.6942952773,95
41.9499742033,-87.6465161625,95
41.9886892847,-87.660314772,95
41.9081368415,-87.6831725037,95
41.9214290006,-87.6860330485,95
41.9208266766,-87.6889649556,95
41.6861243463,-87.6773524369,96
41.9798948012,-87.6596883208,96
42.0061392041,-87.6714997162,96
41.9106757344,-87.6812395847,97
41.8864140727,-87.6252728607,97
41.8963411829,-87.6919574128,97
41.8945319903,-87.6797586309,98
41.8875573243,-87.702292463,98
41.9155456391,-87.6800823443,98
41.9362608537,-87.655493303,98
41.8876054051,-87.7026417457,98
41.9345053752,-87.6418321944,98
41.9097740511,-87.6345682989,98
41.9476367054,-87.7081721004,99
41.9364127108,-87.6502980683,99
41.9878460078,-87.6551655212,99
41.9041976666,-87.6331237201,99
41.8958730266,-87.6639412108,99
41.907861899,-87.6793922645,99
41.8708637798,-87.6830477626,99
41.9256323966,-87.6531819593,99
41.9295095528,-87.6405126362,99
41.9080224363,-87.6312718907,99
41.8709385933,-87.6877391821,99
41.9401852755,-87.6417039004,99
41.8770900618,-87.6471970017,99
41.9280427511,-87.6517029827,99
41.8562360844,-87.6460839473,99
41.9059227293,-87.630638151,99
41.8815626802,-87.6414489922,99
41.7947478264,-87.5832657304,99
41.8709452426,-87.687172173,99
41.8806966691,-87.6421883407,99
41.9761120643,-87.6546846991,99
41.9437480064,-87.6770376142,99
41.9005037909,-87.6280363619,99
41.9407738073,-87.6456424925,99
41.8977290753,-87.6828365513,99
41.9062449176,-87.6263125577,99
41.9245206794,-87.6486132937,99
41.9081768494,-87.633321766,99
41.8939537431,-87.6613675702,99
41.9096788037,-87.6903719658,99
41.9340224939,-87.6423013215,99
41.9242381115,-87.6428469972,99
41.8803393742,-87.6427399381,99
41.8944588069,-87.6799503711,99
41.8955843021,-87.6255133596,99
41.7729125365,-87.6249892263,100
41.9521983567,-87.7212381244,100
41.9239813409,-87.6623071914,100
41.8997284285,-87.6615185892,100
42.0006118239,-87.669043275,100
41.9025753128,-87.6312494445,100
41.8475528259,-87.6195881479,100
41.898405354,-87.6709302345,100
41.859556481,-87.6461848203,100
41.7885962227,-87.5890327583,100
41.9292233288,-87.6428482307,100
41.9466667877,-87.6524224849,100
41.923840682,-87.7115096826,100
41.9401654901,-87.695096579,100
41.9052021051,-87.6300459781,100
41.7947547633,-87.5817348173,100
41.9407862916,-87.6475045835,100
41.9593561531,-87.6908411919,100
41.9355881321,-87.6560875111,100
41.9184236025,-87.697454986,100
41.8847752426,-87.6482343479,100
41.946464899,-87.6451747356,100
41.953525025,-87.647683045,100
41.9237103398,-87.6398221202,100
41.8836703041,-87.6976451463,100
41.8414404435,-87.6594689601,100
41.8876655524,-87.6236018697,100
41.9748978924,-87.6900625034,100
41.9389525636,-87.6390013428,100
41.8554293077,-87.6459534365,100
41.8932420768,-87.6167742481,100
41.8744433803,-87.6266162145,100
41.9052454461,-87.6269657571,100
41.8806824462,-87.6413362466,100
41.8991726334,-87.6721479903,100
41.8920170965,-87.6549748772,100
41.8850856838,-87.6247030913,100
41.8704106621,-87.6862309576,100
41.9219714055,-87.700922923,100
41.8876655524,-87.6236018697,100
41.9319078644,-87.6715676388,100
41.8832119052,-87.7916251494,100
41.9500312101,-87.6455547766,100
41.9632733939,-87.6634440796,100
41.9155639378,-87.7186464259,100
41.8892393984,-87.630316035,100
41.8991961073,-87.6859882214,100
41.9548234706,-87.7130922809,100
41.9310090975,-87.6587846709,100
41.9627609551,-87.6606822114,100
41.9227996598,-87.7113843051,100
41.9172721863,-87.653337194,100
41.8797531495,-87.6166329123,100
41.9750102791,-87.7566361669,100
41.9217219793,-87.6899547696,100
41.9150216997,-87.7027789402,100
41.7841371137,-87.6049552875,100
41.8941035103,-87.6607083561,100
41.8602346061,-87.6496339897,101
41.6883046726,-87.6089249314,102
41.9714248669,-87.6763494573,102
41.9247075076,-87.694997914,104
41.9899668382,-87.667954545,105
41.7905622639,-87.5901317319,105
41.9320612172,-87.6533051375,105
41.7905622639,-87.5901317319,105
41.9061942561,-87.676483434,105
41.9330759752,-87.7162533826,105
41.944758802,-87.7228878773,105
41.9263115736,-87.7032013396,105
41.8491961667,-87.6339944928,105
41.8922925444,-87.6720089343,105
41.9335098334,-87.6847814824,105
41.9867725656,-87.6627231069,105
41.910782084,-87.6668399965,105
41.9036828802,-87.6309246589,106
41.8893882885,-87.6337289936,107
41.8739866238,-87.6290639388,107
41.8859143452,-87.6206889682,108
41.8573743938,-87.6814773092,108
41.879054714,-87.6429457177,108
41.8806582116,-87.6411983608,109
41.9252997745,-87.6379252599,109
41.9104970189,-87.6758848014,109
41.89083066,-87.629930653,109
41.8969765652,-87.6758829829,109
41.904924034,-87.635021757,109
41.9525793972,-87.662985988,109
41.9399991797,-87.6636277776,109
41.8786213911,-87.6237058667,109
41.9688495526,-87.6661724603,109
41.8800803945,-87.642701002,109
41.9409368838,-87.7220537703,110
41.8546275625,-87.6226833238,110
41.8944171332,-87.6611739461,110
41.9038341893,-87.6945516907,110
41.9223216293,-87.6947083545,110
41.9044997225,-87.6824649951,110
41.9018418647,-87.6305409507,110
41.9216227784,-87.6795478248,110
41.8838731078,-87.6510719953,110
41.8594958474,-87.6573665777,110
41.9183591959,-87.6776259238,110
41.9437620249,-87.6487530451,110
41.8942855358,-87.8007369107,110
41.8100146465,-87.6092109375,110
41.8718632169,-87.7940210444,110
41.9322592677,-87.7229047696,110
41.9264933006,-87.7137955909,110
41.9195155333,-87.6413360767,110
41.8919100219,-87.6159279615,110
41.8824484135,-87.6409878092,111
41.8609053748,-87.6224689209,111
41.8060970929,-87.5870651824,111
41.9186003642,-87.6563900376,111
41.9729001015,-87.6709118987,112
41.9790115725,-87.680781431,112
41.8802654321,-87.6303907638,113
41.9622435168,-87.7046816913,114
41.8925146093,-87.660100846,114
41.8738451748,-87.6301334287,114
41.8826177715,-87.6492231531,114
41.9053098555,-87.6673468808,115
41.7826569146,-87.599124359,115
41.9712177012,-87.6518413761,115
41.9540289642,-87.6507178765,115
41.8499549813,-87.6843404948,115
41.9553502414,-87.6747417902,115
41.9053140061,-87.6671332975,115
41.9444950101,-87.6502574444,115
41.8856624108,-87.6340428735,115
41.9399233404,-87.6643368313,115
41.943093238,-87.6516246728,115
41.939968653,-87.6645825366,115
41.9055777235,-87.6262280058,115
41.9091565176,-87.6780068341,115
41.8009855033,-87.5857710471,115
41.8716110887,-87.6278189988,115
41.9073077116,-87.6673338695,115
41.9182569163,-87.6948621694,115
41.9023279412,-87.6342242469,115
41.9239075174,-87.7034582341,115
41.9418958563,-87.72244165,115
41.9184752073,-87.6928600431,115
41.8964023655,-87.6512980331,115
41.8904586262,-87.7886423461,115
41.9687443977,-87.6921024905,115
41.9131611067,-87.6381312348,115
41.9035249843,-87.6329166895,115
41.9035034231,-87.6345224107,115
41.9044002687,-87.6774179795,115
41.9043638137,-87.6447751327,115
41.9561079298,-87.6770788446,116
41.8884896462,-87.6187869768,117
41.8884896462,-87.6187869768,117
41.9319554468,-87.6722550762,118
41.9105168995,-87.7015584179,118
41.9027401481,-87.6330262558,119
41.8971734174,-87.6723156781,119
41.8812601949,-87.6622489811,119
41.9042571714,-87.6710299381,119
41.9502996116,-87.6685826817,119
41.9228004297,-87.6460074714,119
41.9286304732,-87.6423599317,119
41.8891798854,-87.6332197698,119
42.0006760446,-87.6631877661,120
42.0159898309,-87.6690133615,120
41.9494002973,-87.7148263761,120
41.8936608358,-87.6202309239,120
41.9277605717,-87.660476119,120
41.8633729223,-87.622113309,120
41.8877294196,-87.6159919062,120
41.8985522001,-87.6218840911,120
41.9427689755,-87.6481268775,120
41.9007249421,-87.6748794561,120
41.8715501131,-87.6649612353,120
41.774829988,-87.5944039812,120
41.9969384638,-87.66423189,120
41.8715501131,-87.6649612353,120
41.9007249421,-87.6748794561,120
41.8985522001,-87.6218840911,120
41.9489856361,-87.6435472917,120
41.9499578762,-87.6487350709,120
41.8945643604,-87.649955839,120
41.8804267875,-87.641722645,120
41.8887084191,-87.6220088546,120
41.8567682717,-87.6476487509,120
41.8998442928,-87.624659884,120
41.9260115292,-87.6369013549,120
41.9854208537,-87.8045431986,120
41.8984683854,-87.6759235339,120
41.9567121571,-87.6539899053,120
41.8590401105,-87.646035362,120
41.9002149332,-87.6726799165,120
41.9079632621,-87.6343031765,120
41.9013355749,-87.6748015934,120
41.774829988,-87.5944039812,120
41.9700241179,-87.6831604075,120
41.8590401105,-87.646035362,120
41.9225458559,-87.6985104204,120
41.9070518136,-87.6878431836,120
41.9489856361,-87.6435472917,120
41.9002149332,-87.6726799165,120
42.0006760446,-87.6631877661,120
41.9070518136,-87.6878431836,120
41.9277605717,-87.660476119,120
41.8567682717,-87.6476487509,120
41.8533380407,-87.6209638805,120
41.9442607719,-87.6476547926,120
41.8840055626,-87.6262599707,120
41.9037532806,-87.6258289829,120
41.9996867443,-87.671158734,120
41.8533380407,-87.6209638805,120
41.9854208537,-87.8045431986,120
41.9491834612,-87.6482117336,120
41.9477325175,-87.6757388666,120
41.9260115292,-87.6369013549,120
41.9069448608,-87.6346432108,120
41.8405638376,-87.6417344202,120
41.9044660871,-87.663017403,120
41.8998442928,-87.624659884,120
41.8984683854,-87.6759235339,120
41.8948175993,-87.6864380057,121
41.8379197979,-87.6105268274,121
41.9023783905,-87.634126429,124
41.902459929,-87.6323810178,124
41.902957001,-87.6333855461,124
41.91532814,-87.637181247,125
41.8593863216,-87.6527064622,125
41.7765292468,-87.5874110654,125
41.9979598217,-87.6692997257,125
41.8798294613,-87.6597937727,125
41.9071128458,-87.6821883456,125
41.9171281246,-87.6452649925,125
41.9066949641,-87.6828285506,125
41.9428850073,-87.6425075473,125
41.9227194113,-87.7362548653,125
41.8919936583,-87.6701177297,125
41.8996590337,-87.6758245346,125
41.9133656898,-87.6391804447,125
41.9406144065,-87.6454423332,125
41.9198311505,-87.6390837112,125
41.8125634696,-87.6114797907,125
41.9039392697,-87.6324260793,125
41.893846816,-87.6332424724,125
41.9232848388,-87.6955555362,125
41.9571720758,-87.6482836812,125
41.9182864729,-87.6405135866,125
41.9314037889,-87.640212139,125
41.9149864564,-87.6356061096,125
41.9568015257,-87.6714030637,125
41.9607218054,-87.6824003458,125
41.8900881069,-87.7864291857,125
41.919733689,-87.6596896369,125
41.8939989664,-87.6594978907,125
41.9161967752,-87.6444566377,125
41.9060992503,-87.683146701,125
41.8970461607,-87.6239191001,125
41.8799225376,-87.6278621428,125
41.9273772825,-87.6969999049,125
41.7779993316,-87.5883590835,125
41.8703968311,-87.6632402104,125
41.8998963349,-87.6296793163,125
41.8126161679,-87.6432597004,125
41.9208955526,-87.7166847616,125
41.9764257002,-87.6700630555,125
41.8996976378,-87.671119342,125
41.9443716087,-87.6462109186,125
41.9027806157,-87.6281697938,125
41.8559529208,-87.66126527,125
41.9047654487,-87.6401926837,125
41.9362825906,-87.6454313892,125
41.9478372333,-87.6879832309,126
41.9072284776,-87.6351299651,126
42.0147045602,-87.6832276557,127
41.8809822054,-87.6132842359,128
41.9749990276,-87.6546311555,129
41.9520090407,-87.6725839611,129
41.8638629986,-87.6250583482,129
41.9457595846,-87.6520490543,129
41.9729127793,-87.6541713602,129
41.9263986161,-87.6410862392,129
41.9213040555,-87.7172915151,129
41.8926606692,-87.6865458534,129
41.9063170763,-87.6307541735,129
41.8935120012,-87.6748619156,129
41.8864724478,-87.6208307323,129
41.8829208447,-87.624420181,129
41.9094035187,-87.6487548944,129
41.9219100172,-87.647056873,129
41.9105757469,-87.708697569,129
41.9417784357,-87.6427432013,129
41.9023195842,-87.6340000215,129
41.9220971989,-87.7153112537,129
41.880862652,-87.642722619,129
41.8754385573,-87.6293636213,129
41.8876934535,-87.6157520402,129
41.8971835524,-87.6335638973,129
41.918457987,-87.6392001252,130
41.8913980663,-87.6271383723,130
41.8802757134,-87.6427288411,130
41.9165214552,-87.7042622382,130
41.8891296926,-87.6676321707,130
41.8885180616,-87.6437431944,130
41.9048953085,-87.6309158189,130
41.8932805785,-87.6301647369,130
41.880721455,-87.6433912008,130
41.8858523163,-87.6166335601,130
41.9704514106,-87.6604508007,130
41.8964468523,-87.6763750024,130
41.9462145513,-87.6512604407,130
41.9429192817,-87.6733414401,130
41.9220934349,-87.7092913355,130
41.9671043577,-87.6839787723,130
41.9041616001,-87.6294389063,130
41.9426291968,-87.6419704111,130
41.9221607186,-87.6686691347,130
41.9006864061,-87.6198871887,130
41.9416275368,-87.6703855559,130
41.9142334189,-87.6934347104,130
41.8840827618,-87.6433424825,130
41.9261600011,-87.7121584364,130
41.9008880945,-87.6294189603,130
41.9061000068,-87.6284288715,130
41.9744812815,-87.6638510905,131
41.9062073303,-87.6704473842,131
41.9312116678,-87.6919870989,131
41.824387824,-87.6737869795,131
41.8925904715,-87.6272316342,132
41.8996774415,-87.6818030867,132
41.8918127881,-87.6578619703,132
41.8601049418,-87.6240452136,132
41.8907205625,-87.6568814475,133
41.9001428116,-87.6306631204,134
41.9006440722,-87.6705603918,134
41.8964381576,-87.6715346686,135
41.9042027452,-87.628781857,135
41.9211516377,-87.7099104461,135
41.9001413291,-87.6722139387,135
41.8663529749,-87.62391124,135
41.9001413291,-87.6722139387,135
41.879604223,-87.6794749136,135
41.9045977715,-87.6281637441,135
41.9311254249,-87.7011946746,135
41.9042837782,-87.6703838481,135
41.9470608957,-87.6451840832,135
41.9234427753,-87.6626027347,135
41.879604223,-87.6794749136,135
41.9042837782,-87.6703838481,135
41.9199599003,-87.6439683106,135
41.9211516377,-87.7099104461,135
41.8964381576,-87.6715346686,135
41.9042027452,-87.628781857,135
41.9109076331,-87.6378870809,135
41.9328137401,-87.6938952272,135
41.9199599003,-87.6439683106,135
41.893273631,-87.6565425862,135
41.9360141324,-87.6464908783,137
41.8945500469,-87.6797087796,137
41.8940952459,-87.6345474364,137
41.8951679292,-87.6788152011,137
41.912208893,-87.6495572812,138
41.8889193397,-87.6413415176,139
41.8959539868,-87.6515347307,139
41.8585734592,-87.6704245678,139
41.9061114472,-87.6638173021,139
41.8998048559,-87.6820446007,139
41.8659753782,-87.6287435846,139
41.8859833988,-87.7047386458,139
41.8585015385,-87.6702701027,139
41.8946212102,-87.6289305549,139
41.9085647507,-87.6329433178,139
41.8715399791,-87.6879603368,139
41.9104378547,-87.6377482534,139
41.929485244,-87.706613495,139
41.9403848992,-87.7249912742,139
41.8974345542,-87.6702819227,140
41.9287210374,-87.6395771527,140
41.9210336326,-87.6352922718,140
41.9318598874,-87.6694820271,140
41.9561655781,-87.6496423863,140
41.892802066,-87.6402832147,140
41.8770882713,-87.6286122324,140
41.7984471506,-87.5892262785,140
41.8563561152,-87.6627381902,140
41.8820441035,-87.6551851313,140
41.8930229146,-87.6704646247,140
41.9306545109,-87.7008854238,140
41.854952625,-87.6969617898,140
41.89948987,-87.6283664532,140
41.9621190313,-87.6628961315,140
41.8863514432,-87.6229927579,140
41.9300743107,-87.7062187624,140
41.8943715781,-87.6301426514,140
41.9398957415,-87.6647441118,140
41.8995903842,-87.6320945189,140
41.9422435479,-87.6849157196,140
41.9361808613,-87.709494872,140
41.9076102478,-87.6733202127,140
41.9030942801,-87.6767596376,140
41.8811393208,-87.6138069044,142
41.893072169,-87.6500594875,142
41.9064683801,-87.6344314164,142
41.8945010862,-87.6625066603,144
41.9030231543,-87.634989318,144
41.9066983961,-87.6286903217,144
41.9307845471,-87.7110868497,145
41.8545705483,-87.622498305,145
41.9142262961,-87.6384612152,145
41.9571980157,-87.6765427385,145
41.9240251805,-87.6378261725,145
41.7977678148,-87.5875624686,145
41.8863889887,-87.6515124721,145
42.0038592886,-87.6620898227,145
41.9119026772,-87.7002710993,145
41.9150913689,-87.6939012305,145
41.998908767,-87.673343416,145
41.8563745605,-87.6568750363,145
41.8970858098,-87.6793900954,145
41.9137630906,-87.6755658915,145
41.922800427,-87.7055100213,145
41.9191472191,-87.7051069237,145
41.9025956561,-87.6305509794,145
41.9044981621,-87.6625614693,145
41.8566130797,-87.6470462416,147
41.8798842469,-87.6436631584,147
41.9346566571,-87.6510333683,148
41.9205151717,-87.661861651,148
41.8971049945,-87.6709772484,148
41.8681197453,-87.6623181412,148
41.878261862,-87.6300081403,149
41.8826951423,-87.6350420058,149
41.8672283534,-87.6215474141,149
41.8552557048,-87.6349204161,149
41.9163821692,-87.6842172332,149
41.9076173243,-87.6857530565,149
41.903654412,-87.6342771928,149
41.8617845587,-87.6237325894,149
41.878261862,-87.6300081403,149
41.8878472822,-87.6238857168,149
41.8595619321,-87.623138238,149
41.8853944512,-87.6163458567,149
41.9202147109,-87.6900491319,149
42.006453114,-87.6591705142,149
41.9218403158,-87.6532924916,149
41.8580472086,-87.6466934887,149
41.9477248981,-87.6536355906,149
41.9413584862,-87.6520039423,149
41.8923409603,-87.6182089197,149
41.900905442,-87.663031232,149
41.9800715714,-87.6536408122,149
41.9631529845,-87.6803976827,150
41.9489143884,-87.6462330792,150
41.9206584866,-87.6427066134,150
41.8962801372,-87.6256373122,150
41.900360408,-87.6933151874,150
41.8803541348,-87.7904795649,150
41.8738322591,-87.633855569,150
41.9110536281,-87.7092694932,150
41.9322860313,-87.6552557969,150
41.9525770847,-87.6459493924,150
41.896375802,-87.6253409871,150
41.8771910069,-87.6425659141,150
41.8771934548,-87.6452978845,150
41.9753414641,-87.6693496843,150
41.9731258556,-87.6552073501,150
41.8875977529,-87.6202970075,150
41.8716177212,-87.6276841104,150
41.8705008216,-87.6290932992,150
41.8979784124,-87.6882698783,150
41.9189253282,-87.647796438,150
41.968683049,-87.6816598589,150
41.8865681722,-87.6230598849,150
41.8645497365,-87.6223665893,150
41.9116476195,-87.6748626402,150
41.900621734,-87.6650947682,150
41.8771934548,-87.6452978845,150
41.8862471561,-87.6212061414,150
41.9168069373,-87.6644987351,150
41.9201323897,-87.6863664931,150
41.9753414641,-87.6693496843,150
41.893948413,-87.6184458486,150
41.9318044072,-87.6511349589,150
41.9212024937,-87.6356968454,150
41.926607572,-87.649758812,150
41.9270204455,-87.6452194543,150
41.8941073336,-87.6222455056,150
41.919718974,-87.6886510177,150
41.9168069373,-87.6644987351,150
41.9342466313,-87.6414293826,150
41.9678639802,-87.6856985637,150
41.8824645205,-87.6245364993,150
41.9477028398,-87.6601027983,150
41.9006487746,-87.6273854133,150
42.0104307926,-87.6660313129,150
41.9385526933,-87.6481854706,150
41.893948413,-87.6184458486,150
41.8615873725,-87.6479499015,150
41.945385042,-87.6761460842,150
41.7985818551,-87.5862560412,150
41.8816134059,-87.6280922672,150
41.8941073336,-87.6222455056,150
41.926464204,-87.7063793223,150
41.9245990462,-87.6415542527,150
41.8388229091,-87.656749149,150
41.8819995905,-87.6557950858,150
41.8049097282,-87.585641924,150
41.9348719172,-87.6414221255,150
41.9527102087,-87.6620496978,150
41.9314667452,-87.7080117153,150
41.8789889569,-87.6639747601,150
41.9039853065,-87.6338781325,150
41.9051571161,-87.6903665101,150
41.9187288212,-87.6589597535,150
41.8867278846,-87.6229790237,150
41.9545768609,-87.6568979619,150
41.8961446568,-87.6418017262,150
41.8921921727,-87.6220825255,150
41.8725717097,-87.6273448913,150
41.9524806999,-87.6524063943,150
41.9527102087,-87.6620496978,150
41.8349610266,-87.6126338763,150
41.9979994535,-87.811461101,150
41.897843949,-87.6633041711,150
41.9342466313,-87.6414293826,150
41.9734980523,-87.6964719924,150
41.8485059105,-87.619757745,150
41.9187288212,-87.6589597535,150
41.9359165328,-87.6617619227,150
41.9416237209,-87.6515073162,150
41.916040644,-87.6828412244,150
41.9061729648,-87.6286561893,150
41.9717114004,-87.6969191645,150
41.9006691993,-87.6788333113,150
41.8893706695,-87.6203924548,150
41.9051571161,-87.6903665101,150
41.8823177113,-87.6491168652,150
41.9212024937,-87.6356968454,150
41.9385526933,-87.6481854706,150
41.9348719172,-87.6414221255,150
41.9446539904,-87.6476456452,150
41.8893706695,-87.6203924548,150
41.8961446568,-87.6418017262,150
41.9979994535,-87.811461101,150
41.9201323897,-87.6863664931,150
41.9326584647,-87.6410688158,150
41.939389031,-87.6529499918,150
41.9098774564,-87.6894678551,150
41.8977737231,-87.6809979252,150
41.853903399,-87.6753999175,150
41.9568433518,-87.6526318212,150
41.9231702176,-87.7134356497,150
41.9048026796,-87.6302632952,150
41.9416237209,-87.6515073162,150
41.9098591642,-87.6367734346,150
41.9076450777,-87.6696003178,150
41.9318044072,-87.6511349589,150
41.8867278846,-87.6229790237,150
41.853903399,-87.6753999175,150
41.8798163573,-87.632071498,150
41.9097382297,-87.6339495703,150
41.9163882697,-87.6890531746,150
41.8875977529,-87.6202970075,150
41.9382180356,-87.6377639343,150
41.9569733019,-87.653410106,150
41.924400386,-87.6842712489,150
41.8882640316,-87.6399526158,150
41.9545768609,-87.6568979619,150
41.9314667452,-87.7080117153,150
41.944862829,-87.6539195555,150
41.9631529845,-87.6803976827,150
41.8906632096,-87.6433668331,153
41.8906632096,-87.6433668331,153
41.8938605556,-87.6178060297,154
41.9445451154,-87.6630960082,155
41.9024133841,-87.693629153,155
41.8563542726,-87.651380944,155
41.9784786882,-87.6652973885,155
41.909997977,-87.6831461141,155
41.910657556,-87.6800571078,155
41.9109500021,-87.67783247,155
41.8819667443,-87.6278375039,155
41.874774435,-87.6845597724,156
41.9323705556,-87.6909511287,156
41.8889647885,-87.6471748247,156
41.9000234229,-87.6858184595,157
41.947258732,-87.6675018659,158
41.9365763877,-87.6383924017,158
41.9189660439,-87.6442185898,159
41.873068987,-87.6304726624,159
41.8887616807,-87.6175281027,159
42.0038076583,-87.6708208081,159
41.9425327739,-87.6482482068,159
41.9134510053,-87.6676978077,159
41.9402115298,-87.6584381157,159
41.9251181674,-87.6619916073,159
41.9698350909,-87.6602047234,159
41.8603465887,-87.6237219095,159
41.9257331226,-87.6400923994,159
41.8331933103,-87.6378704508,159
41.8636525049,-87.6232580651,159
41.9082281495,-87.6888409471,159
41.9830521389,-87.6687899318,159
41.8870516917,-87.6224716199,160
41.897306173,-87.6732121372,160
41.9003577846,-87.6288919276,160
41.9745563853,-87.66202125,160
41.8997009566,-87.6323967606,160
41.8857233332,-87.6309274653,160
41.9431668408,-87.6504897239,160
41.8786309299,-87.6475517205,160
41.9216975618,-87.6480303187,160
41.9660736422,-87.6715861724,160
41.90701879,-87.6309673721,160
41.9151526553,-87.6449130022,160
41.8702622146,-87.6261138293,163
41.8922332424,-87.6587417325,165
41.8974347583,-87.6276482952,165
41.8913815261,-87.6602493112,165
41.9179495268,-87.7095073908,165
41.9178108817,-87.6360649852,165
41.9094871386,-87.6301147268,165
41.921694841,-87.6384918181,165
41.8847937926,-87.6987212849,165
41.8922332424,-87.6587417325,165
41.9147443554,-87.654416743,165
41.8847937926,-87.6987212849,165
41.8913815261,-87.6602493112,165
41.8974347583,-87.6276482952,165
41.921694841,-87.6384918181,165
41.929309985,-87.7026506319,165
41.9188295916,-87.652652616,165
41.9362464187,-87.646922506,165
41.9595392077,-87.6835925272,165
41.9398563033,-87.6547298718,165
41.8969898719,-87.697982546,165
41.9094871386,-87.6301147268,165
41.9147443554,-87.654416743,165
41.8855175552,-87.6179180236,166
41.8675797391,-87.6216257147,168
41.924723588,-87.6403430821,168
41.9695200515,-87.6723924136,168
41.8875072681,-87.6189603779,168
41.8560829161,-87.6259828049,169
41.90916071,-87.631014594,169
41.8871300581,-87.6178383518,169
41.8967926903,-87.6602334186,169
41.8937542516,-87.6654524496,169
41.8940348627,-87.6175409285,169
41.9082168494,-87.6726477938,169
41.8879812288,-87.6427555409,169
41.8893877714,-87.6550461926,169
41.8774693123,-87.6284053349,169
41.922372243,-87.6500476762,170
41.9172714333,-87.6741587589,170
41.8581569991,-87.6234798904,170
41.8946225607,-87.6490900166,170
41.9455816635,-87.6500958351,170
41.931185425,-87.711484479,170
41.8879214327,-87.6175318474,170
41.9289898683,-87.6403598834,170
41.8893980634,-87.6189081504,170
41.9457594994,-87.6852766769,170
41.9480636382,-87.6632525564,170
41.9902643009,-87.6594211171,170
41.9151031013,-87.6416481956,172
41.8845450372,-87.6441283326,173
41.8992534188,-87.688439104,175
41.937269213,-87.6487741529,175
41.9363291212,-87.6441451137,175
41.9662905404,-87.6843797444,175
41.9530212959,-87.6885775964,175
41.8943132419,-87.6318395275,175
41.915417821,-87.6880699195,175
41.8104212478,-87.6137380124,175
41.9411690634,-87.6704382878,175
41.9311352461,-87.6510127266,175
41.9040376891,-87.6329018151,175
41.9538298306,-87.7381816383,175
41.9441174009,-87.6411944862,175
41.9645997809,-87.6558888733,175
41.9722486156,-87.6995427002,175
41.8922932567,-87.6203430047,175
41.9354294435,-87.643315476,175
41.9191391619,-87.6493556405,175
41.9422986759,-87.6413648956,175
41.8958654796,-87.6326691491,175
41.8891806504,-87.680117378,175
41.8554567697,-87.6241514277,175
41.9154041938,-87.6872125646,175
41.9433870607,-87.6507904997,175
41.9453945558,-87.6485358343,175
41.8100473918,-87.6090265476,175
41.9193172508,-87.649370285,175
41.8876862747,-87.6201987471,175
42.0108138386,-87.686325109,175
41.8929302013,-87.6615350849,175
41.9454367981,-87.6791890548,175
41.8866750625,-87.8034090679,175
41.9271594071,-87.657875066,175
41.886235231,-87.6176938619,175
41.9437024427,-87.6475212895,175
41.8953391855,-87.6547489182,175
41.8853106719,-87.6331433131,175
41.8961458222,-87.6528578515,175
41.8915077722,-87.6159123356,175
41.8549591226,-87.6222379884,175
41.8868675489,-87.6499400421,175
41.8838728546,-87.6261241475,175
41.9065293851,-87.6295303444,175
41.9075592051,-87.6358961248,175
41.9245536869,-87.7025822143,175
41.8739406586,-87.6872557304,175
41.8867498869,-87.7066017333,175
41.926501208,-87.6519047843,175
41.8973901603,-87.6279179894,175
41.9068751059,-87.6743565187,175
41.8884308454,-87.6427856547,175
41.8920110742,-87.613749777,175
41.8006456109,-87.5984079733,175
41.8803787168,-87.656270474,175
41.9470701338,-87.6474762465,175
41.946962954,-87.6450039575,175
41.8855130719,-87.633353101,175
41.8989985776,-87.6752815713,175
41.8641285827,-87.6249635484,175
41.9226848296,-87.6774111284,175
41.8115846536,-87.6133596213,175
42.0067713967,-87.690768361,175
41.8820304492,-87.6413358157,175
41.8842777195,-87.6516880358,178
41.880798431,-87.6530121416,178
41.8785575716,-87.6450421818,179
41.939237085,-87.6550196608,179
41.9300822925,-87.7056244807,179
41.9043654013,-87.6836389696,179
41.9063501629,-87.6317701288,179
41.9284685596,-87.6532527523,179
41.954869489,-87.6981532659,179
41.9012243049,-87.67109978,179
41.9115048897,-87.6376587234,179
41.9436171884,-87.6490236884,179
41.9355983895,-87.6514234228,179
41.9318127515,-87.6487491623,179
41.9406874224,-87.6592904636,179
41.8625390545,-87.6822673505,179
41.9118149097,-87.6357590256,179
41.9475853309,-87.6597773224,179
41.9454327032,-87.6440730165,180
41.9132272121,-87.6839657974,180
41.8979698893,-87.6206251462,180
41.8870647605,-87.6459041874,180
41.9161358926,-87.636335597,180
41.8853100803,-87.6185093178,180
41.9495173251,-87.6471689863,180
41.8946992858,-87.6204497938,180
41.9679240625,-87.6575686089,180
41.8553096996,-87.6902815288,180
41.929779921,-87.6480759377,180
41.9009765445,-87.6760031302,180
41.9679240625,-87.6575686089,180
41.9416786231,-87.6426559077,180
41.8871741844,-87.6432912068,180
42.0572437524,-87.711382579,180
41.9197018753,-87.6881941342,180
41.8984018129,-87.6297348237,180
41.9025687965,-87.6245585248,180
41.8946992858,-87.6204497938,180
41.890295261,-87.6183919027,180
41.8870647605,-87.6459041874,180
41.8648739227,-87.6263276089,180
41.8871741844,-87.6432912068,180
41.8880341532,-87.6203672502,180
41.9923328084,-87.6592995839,180
41.8589689908,-87.6204680788,180
41.8428652219,-87.7831070625,180
41.8872586605,-87.6412391113,180
41.9026565272,-87.6446272612,180
41.8979698893,-87.6206251462,180
41.939865003,-87.6836549603,180
41.9312927929,-87.7082799825,180
41.9116166789,-87.6727909063,180
41.8847545477,-87.6236241655,180
41.8984018129,-87.6297348237,180
41.9132923227,-87.6529283028,180
41.8872586605,-87.6412391113,180
41.8847545477,-87.6236241655,180
41.8660579457,-87.6243887278,180
41.9495173251,-87.6471689863,180
41.9161358926,-87.636335597,180
41.8648739227,-87.6263276089,180
41.9312927929,-87.7082799825,180
41.8589689908,-87.6204680788,180
41.8797685324,-87.6827484761,180
41.9026565272,-87.6446272612,180
41.9015389685,-87.6756411706,180
41.939865003,-87.6836549603,180
41.8508235072,-87.7943325585,180
41.8500857621,-87.7932856941,180
41.9269743586,-87.7089851428,180
41.8949329878,-87.659431804,180
41.8934558912,-87.6186327521,180
41.8876660787,-87.6175040194,180
41.8505959626,-87.792439242,180
41.9545879771,-87.7012213264,180
41.9308898601,-87.7069282324,180
42.0572437524,-87.711382579,180
41.8018434743,-87.5919232465,180
41.8501314932,-87.7944274985,180
41.8510932416,-87.793334792,180
42.1614865841,-87.7731656456,180
41.890295261,-87.6183919027,180
41.851303576,-87.7928986864,180
41.9681370715,-87.656612308,184
41.9956582608,-87.666075958,184
41.8562900142,-87.6300767783,185
41.935883538,-87.6673380235,185
42.0863185026,-87.9407610627,185
41.9471824139,-87.6695531805,185
41.8618107864,-87.6235440681,185
41.8892694637,-87.6593079692,185
41.8949447963,-87.6753720748,185
41.9266906996,-87.6990017015,185
41.8550391737,-87.619175521,185
41.855675903,-87.6458167115,185
41.9533942682,-87.6674148099,185
41.8147955436,-87.5991711722,185
41.8926409375,-87.6282170559,185
41.9249745973,-87.6961665551,185
41.8728753436,-87.7832556668,185
41.9425065782,-87.6656864529,185
42.0288414057,-87.6763763979,185
41.89636219,-87.6689246114,185
41.9338150691,-87.6663899972,185
41.9996901264,-87.6810758536,185
41.9423078287,-87.6485028154,185
41.5367656871,-87.5006674461,185
41.9316713953,-87.6425325854,185
41.9161513587,-87.652359787,187
41.5731368649,-87.6927250601,188
41.8919419252,-87.6220335247,188
41.8734042421,-87.6291605819,188
41.9157592676,-87.6717189463,188
41.9122058073,-87.6761864695,189
41.8944847428,-87.6580397882,189
41.8998334003,-87.6734865335,189
41.9065444867,-87.6283916633,189
41.8930129883,-87.6495034628,189
41.8947056767,-87.6808785286,189
41.8803981589,-87.6288946803,189
41.9081438063,-87.6752225725,189
41.9434456646,-87.6457353541,189
41.9459464357,-87.6647321444,189
41.897222029,-87.6320012848,189
41.8877694803,-87.6233299822,189
42.0525015876,-87.6921900596,189
41.8845110276,-87.6236237902,189
41.905628324,-87.6730495346,189
41.8819142968,-87.6427686198,189
41.888081962,-87.6395804804,189
41.9263041414,-87.6556728427,189
41.9880483183,-87.6957473619,189
41.9378502343,-87.6656559447,189
41.9228572941,-87.6460024418,189
41.9121453558,-87.6683127674,189
41.7956441077,-87.5985577429,189
41.9501344756,-87.6615779124,190
41.9449004655,-87.6445324007,190
41.9114651206,-87.6696825012,190
41.9191667818,-87.6515190242,190
41.82767016,-87.6395905663,190
41.8867411113,-87.6400970574,190
41.9711602458,-87.6617508971,190
42.1166987896,-87.7376784321,190
41.8854282463,-87.6169848207,190
41.9172045037,-87.6564012179,190
41.9720238949,-87.6598903517,190
41.9994125803,-87.660454055,190
41.8925244688,-87.6475986976,190
41.9188210877,-87.6541600323,190
41.9019495588,-87.6652720869,190
41.8874509652,-87.6165143266,190
41.8837195097,-87.6331925099,190
41.9496449739,-87.6699336273,190
41.935786502,-87.6546967505,190
41.9997021998,-87.662043618,190
41.8891891411,-87.6209944191,190
41.9058425478,-87.6742123476,190
41.88716605,-87.6262940344,190
41.9073314629,-87.6336205696,192
41.9043573204,-87.6332494201,194
41.8936227731,-87.6153990871,194
41.9794210317,-87.6726965895,195
41.8818336386,-87.626216081,195
41.9338573444,-87.7114086947,195
41.9252888992,-87.7106305813,195
41.8730288177,-87.6284138639,195
41.95212962,-87.6703427421,195
41.9773390444,-87.6633792789,195
41.8917056026,-87.6708978645,195
41.9384146005,-87.6703058372,195
41.9421457757,-87.6492725055,195
41.8994645158,-87.6681523043,195
41.8588075373,-87.6255547227,195
41.9069830737,-87.6363736651,195
41.9215215681,-87.703778481,195
41.8849257113,-87.6324426759,195
42.0071668305,-87.6615206204,195
41.9166022226,-87.6350307769,195
41.9150474969,-87.6880314068,195
41.8818336386,-87.626216081,195
41.8854400406,-87.6248339656,195
41.9694592434,-87.6952315748,195
41.882859057,-87.6601605931,195
41.884672486,-87.6448742013,195
41.8854400406,-87.6248339656,195
41.9269229878,-87.6569433253,195
41.8851947413,-87.6261198292,195
41.9166022226,-87.6350307769,195
41.884949315,-87.6342975519,195
41.9461496723,-87.6592715171,195
41.882859057,-87.6601605931,195
41.8588075373,-87.6255547227,195
41.8960280061,-87.6356443115,195
41.8870014111,-87.6201160756,195
41.9461496723,-87.6592715171,195
41.8971293912,-87.6223168427,195
42.0070210764,-87.664056831,195
41.9069830737,-87.6363736651,195
41.9215215681,-87.703778481,195
41.9384146005,-87.6703058372,195
41.9252888992,-87.7106305813,195
41.884949315,-87.6342975519,195
41.9421457757,-87.6492725055,195
41.8971293912,-87.6223168427,195
41.8854987911,-87.6252122847,195
41.9265353726,-87.7250544928,195
41.8606446623,-87.6235004093,196
41.8861839112,-87.6192879817,199
41.8882043986,-87.6424088821,199
41.907003956,-87.6329526605,199
41.9143055886,-87.6399631906,199
41.8859516628,-87.6212073655,199
41.9202458517,-87.6378851663,199
41.8545738426,-87.620294226,199
41.9514349086,-87.6593600276,199
41.8820930484,-87.6241024725,199
41.9539982352,-87.6747968925,199
41.9634136336,-87.7031825261,199
41.8945226147,-87.6656100487,199
41.8679463507,-87.627552714,199
42.0055955067,-87.6616904442,199
41.971375411,-87.6672198769,199
41.9161306392,-87.6690219797,199
41.9719538984,-87.6673343243,199
41.9477968056,-87.6556077491,199
41.8847680637,-87.6434720647,199
41.9697673383,-87.6679883492,199
41.8972152144,-87.6260984934,199
41.8655864392,-87.6234615174,199
41.8931774378,-87.6167745236,199
41.8855676167,-87.6319337816,199
41.8840955131,-87.6267532623,199
41.9476645844,-87.6565003608,199
41.9132835069,-87.6514715972,199
41.8977904176,-87.6773532761,199
41.8917668531,-87.6473589078,200
41.9452232585,-87.6499081592,200
41.8706361421,-87.6249400427,200
41.8867177674,-87.6425126523,200
41.8900944662,-87.6851227864,200
41.9515357652,-87.6489903159,200
41.9424588486,-87.6547048069,200
41.9067703917,-87.7161737012,200
41.8842119847,-87.6534497824,200
41.8823285897,-87.6400480809,200
41.888553632,-87.8015981973,200
41.9485572785,-87.6730543186,200
41.8763219361,-87.7486165323,200
41.894860177,-87.6516744223,200
41.9244119214,-87.7083703192,200
41.9415246111,-87.6980181196,200
41.8847932565,-87.614991195,200
41.9666941442,-87.6513910762,200
41.8841673852,-87.6244534714,200
41.9122145945,-87.6850822526,200
41.9084741498,-87.6295161451,200
41.964465682,-87.6855344002,200
41.89360117,-87.616755507,200
41.9167972308,-87.6394149904,200
41.8859062568,-87.6304671811,200
41.8813987354,-87.6415113988,200
41.9242176868,-87.6420130226,200
41.9148968384,-87.6827628143,200
41.9415993264,-87.6449808207,200
41.868487445,-87.6274369622,200
41.9219022034,-87.7101166745,200
41.9205747288,-87.6573160272,200
41.8883908784,-87.6205026197,200
41.909632703,-87.6764317174,200
41.9735079023,-87.6585353017,200
41.884017059,-87.693114653,200
41.8883643439,-87.6174653311,200
41.8882186432,-87.6253779433,200
41.8875133647,-87.6210998667,200
41.8939151673,-87.6341612474,200
41.8834542859,-87.6290710243,200
41.891583338,-87.6680663961,200
41.9646172701,-87.7109153494,200
41.8869777531,-87.6405532963,200
41.9885401017,-87.6605229365,200
41.8892413763,-87.6246587711,200
41.9128520658,-87.6864617204,200
41.8872429479,-87.6185615189,200
41.9061583949,-87.6877124916,200
41.9454740018,-87.6569425649,200
41.884665805,-87.6306717798,200
41.9068657924,-87.6360173152,200
41.9076719859,-87.6761739961,200
41.8595548125,-87.6471717915,200
41.8868547506,-87.6154192812,200
41.8878811182,-87.6162625268,200
41.9326916411,-87.640084281,200
41.9584352092,-87.6486068714,200
41.9739392403,-87.6613069966,200
41.8984656752,-87.680883891,200
41.9629272492,-87.674849381,200
41.8318114555,-87.6208241093,200
41.9436275878,-87.6649061483,200
41.8961148252,-87.6257374576,200
41.9272075867,-87.6692801484,200
41.9379003991,-87.6512047513,200
41.8999186497,-87.6366662692,200
41.8858735591,-87.620675197,200
41.9520535805,-87.6593671569,200
41.8794007236,-87.6671539587,200
41.9188374468,-87.6893413222,200
41.886328524,-87.6169518065,200
41.8941343825,-87.6285078357,200
41.8950505194,-87.6494832925,200
41.9156966864,-87.7154607678,200
41.9492712627,-87.6466948614,200
41.8987866223,-87.6216099378,200
41.9087972028,-87.6799505317,200
41.8814344107,-87.6488518098,200
41.884761191,-87.6248927996,200
41.942878958,-87.6587682532,200
41.9363815697,-87.6395700146,200
41.8932566661,-87.6409198248,200
41.9223000199,-87.7027907415,200
41.8542730819,-87.6510110844,200
41.8936503663,-87.6878821509,200
41.8917759238,-87.6364670914,200
41.9641899681,-87.661516332,204
41.8865101931,-87.6195071466,204
41.8956293982,-87.6616560778,209
41.8960595474,-87.6620059427,209
41.9477020426,-87.7049725752,209
41.8956293982,-87.6616560778,209
41.9396686842,-87.6610144694,210
41.8913122768,-87.6183817035,210
41.8811948294,-87.6548865756,210
41.8199073201,-87.6859398219,210
41.8811948294,-87.6548865756,210
41.9396686842,-87.6610144694,210
41.8952293897,-87.666010083,210
41.8199073201,-87.6859398219,210
41.9677764793,-87.6651054592,210
41.8913122768,-87.6183817035,210
41.9415497828,-87.6634977503,211
41.9061827637,-87.6723966393,214
41.8858145706,-87.6210275522,215
41.9117113474,-87.6392660433,215
41.9129768828,-87.7042868527,215
41.9233961822,-87.6981370055,215
41.9734941348,-87.6987024518,215
41.8918976587,-87.6072985943,215
41.8478198602,-87.628339406,215
41.9423323292,-87.6472222351,219
41.9007110477,-87.7013157766,219
41.9146924851,-87.6747710848,219
41.8765021991,-87.6297650361,219
41.9728175656,-87.6687894706,219
41.8908871348,-87.6203703218,219
41.9631807051,-87.6797591125,219
41.8916609444,-87.6273498444,220
41.9136056587,-87.6853090619,220
41.8934269804,-87.6677613642,220
41.9058784124,-87.690303238,220
41.8967947691,-87.6679341,220
41.8976799028,-87.6437008114,223
41.9124054365,-87.6380695685,225
41.8547378136,-87.6730415986,225
41.9412538289,-87.6492304557,225
41.9353531447,-87.6459811086,225
41.9095664119,-87.6784754348,225
41.9089594721,-87.6409113775,225
41.8599406671,-87.6238234363,225
41.9060658487,-87.6343753873,225
41.8880557667,-87.6411510863,225
41.9443120112,-87.6456109386,225
41.8699131706,-87.6285573727,225
41.9023526163,-87.6329670722,225
41.9384257103,-87.6554452359,225
41.9932437963,-87.7569945368,225
41.7968949938,-87.5819386886,225
41.9269865902,-87.6520696506,225
41.877557639,-87.7911956277,225
41.9269345312,-87.6575271088,225
41.8840160403,-87.6474767544,225
41.9432515795,-87.7540338053,225
41.9593948996,-87.6544093302,225
41.9004989883,-87.6762764522,225
41.8705874103,-87.634655461,225
42.0023220719,-87.6668599549,225
41.8940961948,-87.6652590473,225
41.9486667061,-87.6595328778,225
41.9267529988,-87.6539974042,225
41.9279955134,-87.6635844213,225
41.9052827455,-87.6298122777,225
41.8819226043,-87.6833621032,225
41.8926716385,-87.616950426,227
41.9739383543,-87.6870948355,229
41.8845533701,-87.6971954659,229
41.917013964,-87.6532959778,229
41.9169245495,-87.6382570968,229
41.8968311146,-87.6584290597,229
41.9374875064,-87.6464442165,229
41.9031514019,-87.6819303865,229
41.9511485432,-87.7499810363,230
41.9170213901,-87.6752214984,230
41.9061282048,-87.6856499128,235
41.8563351568,-87.6201804226,238
41.909769394,-87.6490319871,239
41.8816654082,-87.6429330198,239
41.9441345818,-87.6488882622,239
42.0045143648,-87.6620309597,240
41.8844504178,-87.6241263643,240
41.8925736363,-87.6684137039,240
41.9839676115,-87.6619682585,240
41.8972624481,-87.6708070745,240
41.884271873,-87.6238243137,245
41.8920635999,-87.6318204873,245
41.9427343833,-87.6503945081,245
41.9095927098,-87.6254114629,245
41.88685176,-87.6264454998,247
41.9462940826,-87.6801100642,249
41.8930875329,-87.6506184687,249
41.9152980836,-87.6564037138,249
41.8827251701,-87.6248714331,249
41.9714801018,-87.6686148169,249
41.9453395059,-87.6609422041,249
41.9391382862,-87.6418458083,249
41.9631785245,-87.7038664276,249
41.900845961,-87.6976796406,250
41.8562902259,-87.6558364319,250
41.873881801,-87.6488206904,250
41.8858775419,-87.6255579374,250
41.9343353844,-87.6594893522,250
41.884321478,-87.7991403918,250
41.9568644771,-87.7158606379,250
41.8670900452,-87.7971157598,250
41.913528038,-87.6508762203,250
41.8853414238,-87.6249190316,250
41.8837510612,-87.6492412411,250
41.8954829272,-87.6888343427,250
41.9512921028,-87.6713031897,250
41.8942362526,-87.6296844558,250
41.8778033692,-87.6458386237,250
41.9151183909,-87.6893264605,250
41.9317689786,-87.650387538,250
41.886869721,-87.6198363114,250
41.8868931563,-87.6234042552,250
41.8794896566,-87.6576856102,250
41.9405865716,-87.6795188441,250
41.8911201613,-87.6595898782,250
41.944326392,-87.6576820548,250
41.9200721989,-87.6357819275,250
41.9447423211,-87.6590910865,250
41.8971179226,-87.6270701605,250
41.8884729003,-87.6421108281,250
41.9030675398,-87.6732356626,250
41.8835754912,-87.6499272968,250
41.9099957474,-87.6661995094,250
41.8864557755,-87.6142712346,250
41.9078403455,-87.6301081353,250
41.8821838192,-87.6840334788,250
41.920073348,-87.6996005461,250
41.9162099421,-87.6473826163,250
41.8933777328,-87.6185651749,250
41.8546684191,-87.621396608,250
41.906003151,-87.6692174922,250
41.9453363411,-87.6547242298,250
41.894242901,-87.6281962622,250
41.9075361998,-87.6340605315,250
41.885833206,-87.6160738697,250
41.8847733544,-87.6289967374,250
41.9220758203,-87.6552334028,250
41.8868931563,-87.6234042552,250
41.8914916866,-87.6184399823,250
41.885833206,-87.6160738697,250
41.9274799654,-87.6916580725,250
41.8867766732,-87.6261882777,250
41.8860467511,-87.6444657807,250
41.8778033692,-87.6458386237,250
41.9400923031,-87.6569661557,250
41.8931613727,-87.624421384,250
41.8864557755,-87.6142712346,250
41.9244262376,-87.6999426066,250
41.9453363411,-87.6547242298,250
41.9006232422,-87.6329226039,250
41.9734236083,-87.6963511982,250
41.8974663287,-87.6639730626,250
41.9405865716,-87.6795188441,250
41.9078403455,-87.6301081353,250
41.8954829272,-87.6888343427,250
41.8670900452,-87.7971157598,250
41.920073348,-87.6996005461,250
41.9099957474,-87.6661995094,250
41.9248623697,-87.649738893,250
41.9828721782,-87.6550642271,250
41.9248623697,-87.649738893,250
41.8835754912,-87.6499272968,250
41.8938322309,-87.6213404265,250
41.9447423211,-87.6590910865,250
41.9162099421,-87.6473826163,250
41.8837510612,-87.6492412411,250
41.9030675398,-87.6732356626,250
41.8968995159,-87.6738444363,250
41.9119998391,-87.6688682238,250
41.9244262376,-87.6999426066,250
41.8683504573,-87.6242128387,250
41.9056225861,-87.6392328721,250
41.9349938719,-87.6564297561,250
41.8867766732,-87.6261882777,250
41.9400923031,-87.6569661557,250
41.9006232422,-87.6329226039,250
41.8553576784,-87.6425539673,250
41.9039735533,-87.6722806499,250
41.8971179226,-87.6270701605,250
41.9056225861,-87.6392328721,250
41.8955136136,-87.6600094727,250
41.8974663287,-87.6639730626,250
41.8915318847,-87.6197470308,250
41.9148817026,-87.6863685376,250
41.8821838192,-87.6840334788,250
41.8933777328,-87.6185651749,250
41.8861825664,-87.6251104879,250
41.9292622211,-87.6600912541,255
41.8970673652,-87.6264436021,259
41.8942715421,-87.6508867031,259
41.9503410899,-87.6485864156,259
41.9249267269,-87.7171190124,260
41.9022487364,-87.6665541765,265
41.9245383474,-87.6668117241,270
41.8877069094,-87.6176442518,270
41.9047355689,-87.6338750824,275
41.9381222454,-87.6864275015,275
41.8954165548,-87.6257439116,275
41.9146930258,-87.7111820585,275
41.9115747825,-87.6473997997,275
41.9771012407,-87.6574099012,275
41.9440847739,-87.6764622148,275
41.9283774277,-87.6496669542,275
41.919434395,-87.6495853338,275
41.9224264528,-87.6567151715,275
41.8920728942,-87.6160163302,275
41.9390438212,-87.6812451375,275
41.9551587377,-87.6673174644,275
41.8861553805,-87.6252220911,275
41.8985323414,-87.6310833827,275
41.93456366,-87.6469103809,275
41.9415655511,-87.6609857582,275
41.8573060278,-87.6277896439,275
41.9597256115,-87.6547702286,275
41.9211727624,-87.6565771939,275
41.9349861273,-87.6467345915,275
41.9164171145,-87.679210807,275
41.8980681911,-87.6733642762,275
41.8845553515,-87.6250669426,275
41.9129140688,-87.6664095017,275
41.8933215351,-87.6327021996,279
41.9422133411,-87.6732678978,280
41.852624878,-87.6209796254,280
41.9076057193,-87.6289752117,280
41.9504773902,-87.656495054,280
41.897825817,-87.6869294907,285
41.9197207724,-87.7098838213,285
41.9200792132,-87.6584504611,289
41.911290267,-87.6833719406,289
41.9429260676,-87.6505017604,289
41.9303049862,-87.6508898433,290
41.8869843654,-87.6323787666,290
41.9128137217,-87.6362769156,290
41.9413231936,-87.6516118103,295
41.9513948102,-87.6494811391,295
41.9121493923,-87.6301405542,295
41.9199240621,-87.646932789,295
41.950935454,-87.6564780627,295
41.937552303,-87.6693225062,295
41.8908375005,-87.6271642859,299
41.9457444881,-87.65085005,299
41.8870428597,-87.6259709127,299
41.9244145545,-87.6678966246,299
41.8864115604,-87.6319764207,299
41.8916684165,-87.6287156444,299
41.8658267532,-87.6242747031,299
41.883608919,-87.6238049127,299
41.867442491,-87.6224751944,299
41.8840758122,-87.6264464532,299
41.8997950047,-87.6246283807,299
41.9696190018,-87.6686988383,299
41.9085898652,-87.6735739934,300
41.9744570585,-87.6870769425,300
41.9287910601,-87.6534354997,300
41.9420732153,-87.6673829516,300
41.8993010355,-87.665820576,300
41.8608593808,-87.648403036,300
41.9420732153,-87.6673829516,300
41.9689864455,-87.6661177039,300
41.9194187412,-87.6484382395,300
41.885971954,-87.616677516,300
41.9070689801,-87.6340347056,300
41.8868321337,-87.6448814823,300
41.9194187412,-87.6484382395,300
41.905350584,-87.6250433975,300
41.8839303091,-87.6252364383,300
41.9337056676,-87.6669536795,300
41.9456406802,-87.6769232951,300
41.9345764627,-87.6535957434,300
41.861794926,-87.627949378,300
41.8868321337,-87.6448814823,300
41.9441807437,-87.660838195,300
41.8970869454,-87.6271922958,300
41.9138639914,-87.6390566174,300
41.8664642846,-87.6231420332,300
41.9364048703,-87.6400611432,300
41.8993010355,-87.665820576,300
41.8658146427,-87.622070519,300
41.8572077676,-87.7068209671,300
41.9364048703,-87.6400611432,300
41.931406645,-87.6390853606,300
41.9403108958,-87.6801767421,300
41.8621498762,-87.6288851185,300
41.9428247029,-87.6818288897,300
41.8621498762,-87.6288851185,300
41.9399653065,-87.6706541101,300
41.9199977879,-87.6530943243,300
41.9601445766,-87.6777976962,300
41.8520959695,-87.6223957043,300
41.9286522079,-87.6448376858,300
41.9458658501,-87.6585706544,300
41.8839303091,-87.6252364383,300
41.8664642846,-87.6231420332,300
41.825149729,-87.6438565717,300
41.8572077676,-87.7068209671,300
41.8838100479,-87.6573624659,300
41.9549076355,-87.6675547437,300
41.9345764627,-87.6535957434,300
41.9399653065,-87.6706541101,300
41.9376343266,-87.6836722876,300
41.9017618087,-87.6308706589,300
41.9601445766,-87.6777976962,300
41.9337056676,-87.6669536795,300
41.885971954,-87.616677516,300
41.9070689801,-87.6340347056,300
41.9406950674,-87.6528749992,300
41.9286522079,-87.6448376858,300
41.9228767927,-87.6830807838,300
41.9403108958,-87.6801767421,300
41.9228767927,-87.6830807838,300
41.9017618087,-87.6308706589,300
41.9085898652,-87.6735739934,300
41.8658146427,-87.622070519,300
41.9401011589,-87.6803994149,300
41.9167128142,-87.6953991109,300
41.825149729,-87.6438565717,300
41.861794926,-87.627949378,300
41.9441807437,-87.660838195,300
41.8838100479,-87.6573624659,300
41.8582430213,-87.6205944365,300
41.9199977879,-87.6530943243,300
41.8705277465,-87.6248299018,300
41.901876705,-87.6702937634,309
41.9501814477,-87.6582027249,310
41.8716376342,-87.6642779652,320
41.8731081548,-87.666503635,320
41.8996775714,-87.6259656436,320
41.8118856717,-87.6225183524,325
41.8921261056,-87.6216747885,325
41.895011801,-87.6541155804,325
41.8995813153,-87.6211683655,325
41.9450049942,-87.6653818056,325
41.8862840985,-87.6187131043,325
41.8833471527,-87.6263769876,329
41.9195009121,-87.6912629373,329
41.8822015158,-87.6244760065,329
41.9500730192,-87.7438562408,330
41.88566751,-87.6186258988,334
41.8864031922,-87.6194900474,334
41.9517194274,-87.7116444996,335
41.8764903283,-87.6250710038,338
41.7971759748,-87.6045112858,339
41.9536735059,-87.6771772606,339
41.8720737825,-87.6299884608,340
41.8991622931,-87.6205289019,340
41.9429500406,-87.650571792,345
41.8950480442,-87.6544884871,348
41.9454972524,-87.6506360047,349
41.9040503262,-87.680685891,349
41.9039840112,-87.6811943914,349
41.9106683561,-87.6374200331,349
41.9033629626,-87.680467844,349
41.8640748946,-87.6279542739,349
41.8954578044,-87.6527202603,350
41.8644156192,-87.6214323568,350
41.8839471524,-87.6432343737,350
41.9767235994,-87.6565246948,350
41.9397400429,-87.6815521715,350
41.9486548903,-87.6604439082,350
41.8811130946,-87.6824170567,350
41.9453120369,-87.6526617528,350
41.8935028311,-87.6155816532,350
41.8812355428,-87.6535739735,350
41.89248514,-87.6306052432,350
41.9084715944,-87.6485009158,350
41.9399696232,-87.6435850695,350
41.846559281,-87.625600104,350
41.8664074798,-87.6226777481,350
41.8702789329,-87.6259585707,350
41.8847071238,-87.626591615,350
41.8713598116,-87.6252675437,350
41.8926873656,-87.6365482007,350
41.9145622236,-87.6851719899,350
41.9376514117,-87.6657846425,350
41.9475620127,-87.6706796456,350
41.9676806329,-87.6646453016,355
41.9210922547,-87.6531761047,359
41.9725751227,-87.666820789,359
41.8756926757,-87.630325968,365
41.9467671436,-87.6488002515,369
41.9215240758,-87.6540194208,369
41.9501637533,-87.6629432073,369
41.8939397126,-87.679719749,375
41.8848278953,-87.6361770983,375
41.8829640529,-87.6499100677,375
41.945742531,-87.6479220081,375
41.9308025293,-87.6507635378,375
41.9333671393,-87.642623652,375
41.9436089965,-87.660236955,380
41.8875250544,-87.6452437372,380
41.9427818455,-87.6722149253,380
41.8968074827,-87.6551325653,399
41.9490970841,-87.6535812442,399
41.8846604005,-87.6231968502,399
41.882395993,-87.6263963042,399
41.9345983271,-87.6877332471,399
41.9101770512,-87.666560501,399
41.9342842699,-87.6508173751,400
41.9478769644,-87.6587858599,400
41.8896281938,-87.6168572377,400
41.9269724518,-87.6435515855,400
41.854462203,-87.715604969,400
41.8444269211,-87.6240558769,400
41.9485440729,-87.6842946949,400
41.9039631166,-87.6624163506,400
41.8718151993,-87.6249281476,400
41.8617410136,-87.619506545,400
41.918063076,-87.6519321912,400
41.9449071185,-87.6545018006,400
41.8929385332,-87.6285980694,400
41.9443763688,-87.6562796592,400
41.8903820266,-87.6821914675,400
41.8572005636,-87.6183369463,400
41.969088003,-87.6827226093,400
41.9408288989,-87.6600141645,400
41.934418403,-87.6367443058,400
41.8183234573,-87.6146254661,419
41.8547603682,-87.7157260153,420
41.9022216912,-87.6689366124,425
41.8843038321,-87.6613022312,429
41.9719374576,-87.6675195151,439
41.9196111107,-87.678396756,449
41.9148838559,-87.6822376404,449
41.9508195946,-87.655996331,450
41.8978984979,-87.6667309121,450
41.8844090935,-87.6247540713,450
42.0085465727,-87.6799589202,450
41.9039322434,-87.6333499928,450
41.9004851993,-87.6676235367,450
41.9105841208,-87.6430869568,450
41.9089792387,-87.6748899538,450
41.9039322434,-87.6333499928,450
41.7813851745,-87.6036066652,450
41.9431327354,-87.656126072,450
41.8805234172,-87.6551685212,450
41.896212797,-87.6587620996,450
41.8805234172,-87.6551685212,450
41.9508195946,-87.655996331,450
41.7813851745,-87.6036066652,450
41.8634917316,-87.6220286926,450
41.8978984979,-87.6667309121,450
41.9454618838,-87.6575791653,450
41.9952595017,-87.7006699609,452
41.9088540754,-87.6735735898,460
41.9500569913,-87.6628631318,469
41.7080714492,-87.6770663798,475
41.894328104,-87.6708294172,475
42.0002602601,-87.7480468639,475
41.9294334946,-87.6408277049,475
41.9573011942,-87.6800550815,475
41.8863688708,-87.6191266286,490
41.9468663658,-87.6488575204,499
41.8834157582,-87.6267296534,499
41.8655963444,-87.6225032614,499
41.8997206156,-87.6805391044,499
41.9510130579,-87.6820594967,499
41.9448415899,-87.6578679622,499
41.8882554631,-87.6472510659,499
41.9395963238,-87.7255297127,499
41.9154637187,-87.7955854444,499
41.9492977336,-87.6582859658,500
41.9343208086,-87.6623576959,500
41.9470986869,-87.6528657916,500
41.9497270536,-87.7171531539,500
41.8669551011,-87.7701022498,500
41.9479252347,-87.6820261436,500
41.9002077921,-87.6704818089,500
41.9122876428,-87.6514651969,500
41.9081596049,-87.6822787877,500
41.8862755844,-87.631951394,500
41.8940297942,-87.6510849135,500
41.9321539868,-87.6917312513,500
41.9293190045,-87.6422371351,500
41.9439309698,-87.6757395295,500
41.8192195716,-87.6149846715,500
41.8602469761,-87.6247499844,500
41.906236403,-87.6376522508,500
41.9814019963,-87.6561210261,500
41.8987891328,-87.6923822017,500
41.8587971417,-87.658412687,500
41.8817031637,-87.6264919646,500
41.9227360018,-87.6852223883,500
41.907254788,-87.63255913,525
41.9043905026,-87.6821216429,525
41.9287857912,-87.6476581976,529
41.9145965999,-87.6904502489,540
41.900776546,-87.6709565705,545
41.9074495778,-87.6401898345,549
41.929592863,-87.6545113623,549
41.9479522342,-87.6442566451,549
41.8656217814,-87.6251451581,549
41.9468947591,-87.6545450521,550
41.9023622549,-87.6721161919,550
41.9252950725,-87.714408271,550
41.9138782505,-87.6457709418,550
41.9051655054,-87.6349524974,550
41.904568791,-87.6343588866,550
41.9737841901,-87.6761641773,550
41.9198259846,-87.6421529429,550
41.9559736472,-87.6497821567,550
41.718755281,-87.7471810636,550
41.8870193453,-87.6502667674,555
41.8719046764,-87.6303220029,575
41.871801777,-87.6240318173,575
41.8351583129,-87.6050795231,575
41.7562802813,-88.0776641441,595
41.9052373403,-87.6324367533,597
41.9420359959,-87.661692539,599
41.9418576703,-87.6463524844,599
41.8882279307,-87.6179199624,599
41.8940344615,-87.6224115247,599
41.9049213631,-87.6340621774,599
41.9355847984,-87.6661336061,599
41.8963831735,-87.6948906599,600
41.8698849041,-87.6263910885,600
41.9085576044,-87.634456366,600
41.8817231186,-87.6288277444,600
41.9337735235,-87.6792403969,600
41.8712212581,-87.6656937496,600
41.9097794917,-87.706712369,600
41.924724925,-87.6393339909,600
41.9165844182,-87.6360376803,600
41.8616533559,-87.6246323204,649
41.9662779194,-87.6659138277,650
41.8296402806,-87.6031749611,669
41.9257855094,-87.6660150011,679
41.9237217931,-87.663387621,695
41.8681962118,-87.6278915127,695
41.9042244011,-87.6378208154,699
41.9044781036,-87.6372649907,699
41.8909048946,-87.6315706377,699
41.8913130638,-87.6587151022,699
41.8645444363,-87.6247841034,699
41.8906298837,-87.6854096849,700
41.9525921301,-87.6555871128,700
41.9358854527,-87.6662521162,700
41.9019137349,-87.6325293196,700
41.8224070096,-87.6145229946,708
41.964513079,-87.7104066542,749
41.9125169228,-87.673420727,750
41.8922219151,-87.6780392271,750
41.8836650318,-87.6531152132,750
41.9281021812,-87.6629910615,750
41.8797416105,-87.6569621367,750
41.8366229663,-87.6135212775,750
41.8899353801,-87.625738176,750
41.9046518335,-87.6359081356,799
41.9472118629,-87.6555737115,799
41.9411465552,-87.6545647469,800
41.9437168651,-87.6392786351,800
41.8739093845,-87.6300012555,800
41.8938455288,-87.6548381455,800
41.9428680158,-87.6601847469,850
41.904185855,-87.6314446146,879
41.960512346,-87.6367481461,890
41.8643743679,-87.6255668381,900
41.9432188547,-87.6436661856,900
41.9063676907,-87.67752444,900
41.929291413,-87.6489483795,900
41.8162760094,-87.9958305838,950
41.9429889007,-87.6541571478,950
41.8623953467,-87.6280442787,975
